Name,Gender,Ethnicity,Experience,Skills
Jennifer Brown,Female,Asian,10,Java; Data Analysis
Karen Brown,Female,Black,3,Cybersecurity; Machine Learning
Jessica Garcia,Female,Asian,6,Java; Cybersecurity
Thomas Johnson,Male,Asian,7,Java; Cloud
Karen Rodriguez,Female,Asian,8,Python; Data Analysis
William Miller,Male,Asian,1,Python; SQL
David Jones,Male,White,9,Cloud; Java
Barbara Davis,Female,White,7,Cybersecurity; Java
Charles Johnson,Male,White,2,Cloud; Networking
James Davis,Male,Black,7,SQL; Machine Learning
Elizabeth Garcia,Female,Hispanic,5,Cloud; Machine Learning
Sarah Williams,Female,Black,8,React; Cloud
Jennifer Davis,Female,Black,9,Java; Networking
Elizabeth Johnson,Female,Hispanic,1,Networking; Cloud
Elizabeth Johnson,Female,Hispanic,6,Cloud; Cybersecurity
Barbara Williams,Female,Black,10,DevOps; Python
Barbara Rodriguez,Female,Asian,9,Machine Learning; Python
Susan Garcia,Female,White,3,Java; Cloud
Mary Davis,Female,White,4,Networking; SQL
Mary Miller,Female,Hispanic,3,Machine Learning; Cybersecurity
Joseph Miller,Male,Hispanic,5,SQL; Cybersecurity
Thomas Smith,Male,Hispanic,1,Data Analysis; Python
Michael Rodriguez,Male,Asian,4,Cloud; Java
Thomas Jones,Male,Asian,5,Python; Cloud
Charles Miller,Male,Hispanic,8,SQL; Cybersecurity
William Smith,Male,White,2,React; SQL
Linda Davis,Female,Black,2,React; Machine Learning
Thomas Martinez,Male,Asian,8,Data Analysis; React
Jennifer Smith,Female,Hispanic,4,Cybersecurity; Cloud
Elizabeth Brown,Female,Hispanic,5,Cybersecurity; Data Analysis
Karen Martinez,Female,Black,6,React; Networking
Jessica Jones,Female,Hispanic,5,SQL; Java
Patricia Miller,Female,White,9,Data Analysis; Networking
Charles Davis,Male,Black,3,Data Analysis; Networking
Patricia Garcia,Female,Hispanic,5,Python; Cybersecurity
James Williams,Male,Hispanic,8,Python; SQL
Joseph Miller,Male,Black,8,Cybersecurity; Data Analysis
Linda Davis,Female,White,1,SQL; Java
Linda Garcia,Female,Asian,1,Python; Cloud
Charles Martinez,Male,White,7,Cloud; DevOps
James Jones,Male,Asian,1,Cybersecurity; React
John Smith,Male,Black,3,SQL; Machine Learning
Jennifer Williams,Female,Black,7,React; Cloud
Joseph Miller,Male,Hispanic,7,Data Analysis; Networking
Thomas Davis,Male,Asian,7,React; Data Analysis
Michael Miller,Male,Hispanic,10,DevOps; SQL
Barbara Jones,Female,Black,9,Cloud; Cybersecurity
Susan Miller,Female,Black,9,Networking; React
Karen Davis,Female,Hispanic,7,Machine Learning; Python
Linda Jones,Female,White,7,Data Analysis; Cybersecurity
James Brown,Male,Hispanic,2,DevOps; Data Analysis
Barbara Brown,Female,Asian,7,Java; Data Analysis
John Martinez,Male,Asian,3,Networking; React
Charles Jones,Male,White,10,React; Python
Jennifer Garcia,Female,Hispanic,2,Networking; React
Charles Davis,Male,White,1,Cybersecurity; Python
William Martinez,Male,White,4,Machine Learning; DevOps
John Miller,Male,White,9,Machine Learning; SQL
Sarah Williams,Female,Hispanic,3,Cloud; React
Joseph Rodriguez,Male,Black,9,React; Networking
Barbara Miller,Female,Black,6,Cloud; SQL
Barbara Rodriguez,Female,White,9,Networking; Machine Learning
Thomas Jones,Male,Asian,9,SQL; Python
Susan Miller,Female,White,7,Machine Learning; React
James Jones,Male,White,6,Java; Python
Sarah Martinez,Female,Hispanic,4,Java; Cloud
Jennifer Johnson,Female,Black,5,Data Analysis; Python
Patricia Smith,Female,Black,6,SQL; Cloud
John Davis,Male,Black,7,React; Data Analysis
John Brown,Male,Hispanic,2,DevOps; Java
James Martinez,Male,Asian,5,React; Data Analysis
Patricia Johnson,Female,Black,6,Cloud; Java
David Davis,Male,Hispanic,6,SQL; Python
Susan Miller,Female,Asian,4,Data Analysis; Java
Karen Davis,Female,Asian,3,SQL; Cloud
Elizabeth Williams,Female,White,4,Networking; Machine Learning
Mary Smith,Female,White,8,Java; DevOps
Jessica Davis,Female,Black,9,Python; Cybersecurity
Jennifer Rodriguez,Female,White,7,Python; DevOps
Barbara Johnson,Female,White,6,Machine Learning; Java
Elizabeth Rodriguez,Female,White,4,Machine Learning; Python
Michael Rodriguez,Male,Black,4,Python; SQL
Richard Martinez,Male,Hispanic,10,Java; Networking
Jessica Davis,Female,White,2,Python; Networking
Mary Brown,Female,Black,8,SQL; Java
Mary Garcia,Female,White,3,Networking; Data Analysis
Mary Jones,Female,Asian,7,Cybersecurity; Java
Joseph Rodriguez,Male,White,3,Data Analysis; Java
Joseph Garcia,Male,Hispanic,10,Java; Machine Learning
Jennifer Jones,Female,Black,5,Networking; Data Analysis
Sarah Rodriguez,Female,Black,5,Cloud; Networking
Jessica Jones,Female,Black,4,Cybersecurity; Java
William Garcia,Male,Asian,6,Java; Machine Learning
Thomas Brown,Male,Hispanic,2,Networking; Cybersecurity
Linda Garcia,Female,Asian,10,Cybersecurity; Data Analysis
Linda Jones,Female,Asian,8,Machine Learning; Cloud
Sarah Williams,Female,Black,10,Data Analysis; Machine Learning
William Williams,Male,Asian,6,Cybersecurity; Python
Sarah Miller,Female,Hispanic,6,DevOps; Java
Joseph Brown,Male,Asian,8,Data Analysis; DevOps
Elizabeth Brown,Female,Hispanic,7,Networking; DevOps
David Davis,Male,Hispanic,3,SQL; React
Linda Martinez,Female,Hispanic,6,Networking; Python
Mary Davis,Female,Black,4,Data Analysis; SQL
Mary Davis,Female,Black,5,Networking; Cybersecurity
Charles Jones,Male,Asian,5,Data Analysis; Cloud
Susan Martinez,Female,Asian,7,Java; SQL
Mary Williams,Female,Asian,1,Networking; Cloud
Sarah Garcia,Female,Hispanic,10,Machine Learning; Java
Thomas Rodriguez,Male,Hispanic,3,Networking; React
Thomas Rodriguez,Male,White,4,React; Cloud
Charles Miller,Male,White,1,Data Analysis; React
William Martinez,Male,White,3,DevOps; Data Analysis
Barbara Smith,Female,Black,2,Cybersecurity; Java
Joseph Brown,Male,White,7,Python; Cloud
Jennifer Martinez,Female,White,5,Cybersecurity; Python
Sarah Jones,Female,Hispanic,8,Cybersecurity; DevOps
Susan Davis,Female,Asian,1,Java; Cybersecurity
David Rodriguez,Male,White,10,DevOps; React
Linda Davis,Female,White,9,Networking; Machine Learning
Karen Garcia,Female,Asian,10,React; Java
Jennifer Miller,Female,Asian,1,Machine Learning; Networking
Linda Williams,Female,White,6,Cybersecurity; Machine Learning
Robert Rodriguez,Male,White,4,React; Cybersecurity
Thomas Rodriguez,Male,White,6,React; Python
Thomas Davis,Male,White,8,Cybersecurity; Python
James Martinez,Male,Asian,9,SQL; Machine Learning
Susan Johnson,Female,Black,6,Cybersecurity; DevOps
Thomas Brown,Male,Hispanic,4,Machine Learning; DevOps
James Rodriguez,Male,White,9,Cybersecurity; SQL
Michael Williams,Male,Hispanic,6,Networking; Python
David Miller,Male,Hispanic,6,Data Analysis; Cybersecurity
Richard Davis,Male,White,10,Data Analysis; Cybersecurity
Barbara Miller,Female,White,8,Python; Data Analysis
Joseph Rodriguez,Male,Black,7,Cloud; Python
Richard Jones,Male,Hispanic,10,DevOps; SQL
David Davis,Male,Black,7,React; Python
Linda Davis,Female,Asian,3,SQL; DevOps
Susan Rodriguez,Female,Black,1,DevOps; React
Joseph Jones,Male,White,3,Python; SQL
Joseph Martinez,Male,Black,5,Networking; Machine Learning
Jennifer Johnson,Female,Asian,2,Cloud; Java
John Williams,Male,Asian,4,Python; SQL
Sarah Jones,Female,White,7,Java; Data Analysis
Joseph Smith,Male,Black,1,Networking; Cybersecurity
David Brown,Male,Hispanic,7,Cybersecurity; Python
Michael Martinez,Male,White,2,DevOps; Networking
Susan Williams,Female,Asian,7,DevOps; SQL
Barbara Jones,Female,Asian,10,Machine Learning; Cybersecurity
Linda Johnson,Female,Asian,3,SQL; Networking
Karen Rodriguez,Female,Hispanic,4,SQL; Python
Charles Smith,Male,Hispanic,4,Data Analysis; Cloud
David Rodriguez,Male,Asian,6,Networking; React
Robert Smith,Male,Black,9,Java; Cybersecurity
David Rodriguez,Male,Black,6,Machine Learning; Cloud
Jennifer Rodriguez,Female,White,2,Java; Cybersecurity
Jennifer Brown,Female,Black,1,Networking; Python
Susan Rodriguez,Female,Black,3,Java; Data Analysis
Jessica Johnson,Female,Black,9,Cloud; DevOps
Sarah Smith,Female,White,10,DevOps; Networking
Jessica Johnson,Female,Black,9,Machine Learning; Cloud
Sarah Rodriguez,Female,Black,1,SQL; Java
Charles Brown,Male,White,5,Cloud; Cybersecurity
Elizabeth Johnson,Female,Asian,10,Data Analysis; Machine Learning
Karen Miller,Female,Hispanic,5,Python; DevOps
William Williams,Male,White,8,Java; DevOps
Joseph Johnson,Male,Asian,3,Python; Machine Learning
William Davis,Male,Hispanic,7,Python; Java
James Davis,Male,Asian,5,Python; Data Analysis
Jennifer Miller,Female,Black,10,Cybersecurity; SQL
Karen Brown,Female,Asian,10,Cybersecurity; DevOps
Jessica Williams,Female,Asian,2,Cloud; React
Jennifer Davis,Female,Black,4,Cloud; Cybersecurity
Susan Garcia,Female,Hispanic,10,Networking; Java
David Miller,Male,White,5,Cybersecurity; React
James Williams,Male,White,2,Cloud; SQL
Karen Jones,Female,White,10,Cybersecurity; Data Analysis
Karen Rodriguez,Female,Asian,9,Cybersecurity; React
David Miller,Male,White,6,Machine Learning; Networking
Richard Miller,Male,Black,6,DevOps; Cloud
Charles Garcia,Male,White,5,Cybersecurity; Networking
David Johnson,Male,Hispanic,6,DevOps; Machine Learning
Patricia Johnson,Female,Black,3,React; Cybersecurity
Mary Rodriguez,Female,White,6,Cybersecurity; Cloud
Barbara Smith,Female,Black,8,Python; SQL
Jessica Miller,Female,White,2,React; Cybersecurity
John Smith,Male,Black,1,Python; Data Analysis
Patricia Rodriguez,Female,Black,7,Cloud; Cybersecurity
Karen Smith,Female,Hispanic,4,Cybersecurity; Java
Sarah Williams,Female,Asian,10,Cybersecurity; Machine Learning
Mary Brown,Female,Black,3,Data Analysis; Cloud
Richard Williams,Male,Hispanic,2,SQL; Machine Learning
Susan Garcia,Female,Asian,6,Python; Java
James Garcia,Male,Hispanic,2,Machine Learning; Java
Joseph Garcia,Male,White,5,DevOps; Cloud
Jennifer Smith,Female,Black,7,Java; Machine Learning
Karen Miller,Female,Hispanic,8,Cybersecurity; Python
Susan Rodriguez,Female,Asian,5,Cloud; Machine Learning
Karen Garcia,Female,Black,8,Java; Networking
Michael Johnson,Male,Asian,9,Data Analysis; Python
David Brown,Male,Hispanic,3,Java; Machine Learning
William Jones,Male,White,4,Machine Learning; Networking
Richard Davis,Male,Black,7,Cybersecurity; React
Susan Smith,Female,White,10,Data Analysis; SQL
John Brown,Male,White,9,SQL; Machine Learning
Mary Smith,Female,Hispanic,9,SQL; Cybersecurity
Karen Martinez,Female,Asian,1,Cloud; Python
Richard Williams,Male,Hispanic,5,Cloud; Python
Charles Miller,Male,Asian,5,DevOps; Cybersecurity
Thomas Jones,Male,White,8,DevOps; Cybersecurity
Sarah Rodriguez,Female,Hispanic,9,Machine Learning; Cloud
Susan Williams,Female,Hispanic,5,Cloud; SQL
David Rodriguez,Male,Hispanic,5,SQL; Machine Learning
Susan Smith,Female,Hispanic,4,Cybersecurity; SQL
Jessica Miller,Female,Hispanic,7,SQL; Data Analysis
John Johnson,Male,Black,5,SQL; Python
Jessica Brown,Female,White,10,Python; Machine Learning
John Williams,Male,Asian,9,Python; React
William Miller,Male,Hispanic,3,Data Analysis; Cybersecurity
Karen Brown,Female,Asian,9,React; Data Analysis
William Williams,Male,Black,1,SQL; Machine Learning
Jennifer Smith,Female,Asian,2,Cloud; React
Robert Davis,Male,Asian,5,DevOps; Cloud
James Smith,Male,White,1,React; Cybersecurity
David Johnson,Male,Black,3,DevOps; Cybersecurity
Michael Garcia,Male,Black,10,React; Python
William Johnson,Male,White,7,React; Machine Learning
Karen Smith,Female,Asian,6,Cybersecurity; Data Analysis
James Williams,Male,White,2,Cybersecurity; Cloud
Mary Garcia,Female,White,6,Data Analysis; Java
Barbara Smith,Female,Hispanic,8,Cybersecurity; SQL
Susan Johnson,Female,Hispanic,5,Cybersecurity; Cloud
Jennifer Brown,Female,Hispanic,8,DevOps; Java
Robert Smith,Male,Asian,3,Machine Learning; Python
Mary Rodriguez,Female,Asian,2,Java; Cybersecurity
Linda Garcia,Female,Hispanic,2,Data Analysis; Cybersecurity
Thomas Johnson,Male,White,7,Python; Cloud
Barbara Martinez,Female,White,2,Data Analysis; SQL
John Smith,Male,Black,6,SQL; Data Analysis
Susan Williams,Female,Black,6,React; Java
David Davis,Male,White,7,Python; Cloud
Richard Garcia,Male,Asian,7,SQL; DevOps
Robert Brown,Male,Black,2,Data Analysis; Java
John Miller,Male,Hispanic,1,React; Python
Joseph Johnson,Male,Hispanic,9,Java; Machine Learning
Mary Jones,Female,Hispanic,2,Networking; Machine Learning
William Williams,Male,Black,4,Data Analysis; Python
Richard Martinez,Male,Asian,7,SQL; DevOps
Barbara Garcia,Female,Black,6,Data Analysis; Python
Charles Miller,Male,Black,7,SQL; Python
Jessica Miller,Female,Black,7,Networking; DevOps
William Miller,Male,Hispanic,7,Data Analysis; React
Thomas Johnson,Male,White,4,DevOps; Java
John Martinez,Male,Asian,6,Cloud; Data Analysis
Jennifer Davis,Female,White,4,Cloud; Java
Karen Williams,Female,Hispanic,2,DevOps; Machine Learning
Charles Garcia,Male,Black,8,React; Networking
Jennifer Rodriguez,Female,White,10,Machine Learning; Cloud
William Smith,Male,Asian,1,DevOps; Data Analysis
Jennifer Rodriguez,Female,Black,1,Networking; Data Analysis
Jennifer Brown,Female,Asian,5,Networking; Cybersecurity
Susan Brown,Female,Hispanic,4,Cybersecurity; DevOps
Patricia Smith,Female,White,9,Machine Learning; Python
Thomas Williams,Male,Black,4,Machine Learning; Networking
John Davis,Male,Hispanic,4,Java; Networking
Joseph Johnson,Male,Hispanic,4,Data Analysis; Cloud
Barbara Smith,Female,Asian,3,Python; SQL
David Miller,Male,Hispanic,4,SQL; Cybersecurity
Robert Johnson,Male,White,3,SQL; Networking
Patricia Rodriguez,Female,White,6,Java; SQL
Jessica Jones,Female,Hispanic,9,Java; Data Analysis
Susan Miller,Female,Black,8,Networking; Cloud
Jennifer Smith,Female,Hispanic,5,DevOps; Python
Thomas Brown,Male,White,10,Java; Cloud
Karen Jones,Female,White,2,Python; SQL
Mary Miller,Female,Hispanic,2,React; Cybersecurity
Elizabeth Miller,Female,Asian,2,Cloud; Data Analysis
Linda Brown,Female,Black,5,Data Analysis; Machine Learning
David Rodriguez,Male,Asian,9,Networking; SQL
Jennifer Johnson,Female,Hispanic,1,Java; DevOps
Thomas Miller,Male,Black,1,Cloud; Python
Susan Smith,Female,Black,7,Machine Learning; Cybersecurity
Robert Rodriguez,Male,Hispanic,2,Data Analysis; Cloud
Barbara Rodriguez,Female,Black,6,DevOps; Python
William Garcia,Male,Hispanic,4,Networking; Java
Patricia Miller,Female,Black,3,Cloud; Data Analysis
David Johnson,Male,Asian,4,Cybersecurity; React
Mary Martinez,Female,Black,6,Cybersecurity; Networking
John Johnson,Male,White,2,Data Analysis; Python
Barbara Smith,Female,White,2,SQL; Machine Learning
John Smith,Male,Asian,6,Java; DevOps
Joseph Davis,Male,Asian,7,Data Analysis; DevOps
Karen Johnson,Female,Black,4,Machine Learning; SQL
Karen Davis,Female,Hispanic,10,Cybersecurity; Data Analysis
Thomas Martinez,Male,Asian,5,SQL; DevOps
Linda Brown,Female,White,2,Python; Machine Learning
William Rodriguez,Male,White,9,Python; SQL
Patricia Jones,Female,Asian,9,React; Data Analysis
Sarah Davis,Female,White,2,Cloud; Cybersecurity
Joseph Johnson,Male,Hispanic,4,React; Machine Learning
Patricia Brown,Female,White,9,Cybersecurity; Cloud
Thomas Miller,Male,Hispanic,5,Cybersecurity; Python
Elizabeth Rodriguez,Female,Black,9,DevOps; Cybersecurity
James Williams,Male,Asian,10,Cloud; Python
David Jones,Male,Black,1,Networking; Cloud
Patricia Williams,Female,Hispanic,6,Java; Networking
Thomas Martinez,Male,White,4,React; Cloud
William Davis,Male,Black,6,Python; Java
Elizabeth Davis,Female,Hispanic,4,Networking; DevOps
Jennifer Rodriguez,Female,Hispanic,1,Python; Machine Learning
Patricia Jones,Female,Black,9,Java; Cloud
Thomas Miller,Male,White,2,Data Analysis; Cloud
Michael Rodriguez,Male,Asian,6,Cybersecurity; Python
Patricia Garcia,Female,Hispanic,2,Data Analysis; Java
Charles Smith,Male,Asian,9,Cloud; Machine Learning
Mary Miller,Female,Black,5,Python; Java
Jessica Davis,Female,Asian,5,Networking; Python
John Johnson,Male,Black,3,Machine Learning; Data Analysis
Karen Smith,Female,Hispanic,4,Python; DevOps
Jessica Rodriguez,Female,White,3,Networking; Machine Learning
Mary Smith,Female,Asian,1,Networking; Java
John Johnson,Male,Black,8,Networking; SQL
Linda Rodriguez,Female,Hispanic,5,Cybersecurity; DevOps
William Smith,Male,White,9,Cybersecurity; Networking
Mary Williams,Female,White,5,Cloud; Networking
Karen Garcia,Female,Asian,1,Python; SQL
Linda Rodriguez,Female,Black,7,Cybersecurity; React
Michael Brown,Male,Black,3,Networking; Data Analysis
John Martinez,Male,White,2,React; SQL
Karen Johnson,Female,Black,7,Cybersecurity; Data Analysis
Robert Miller,Male,Hispanic,9,React; Data Analysis
Elizabeth Williams,Female,White,1,DevOps; Data Analysis
Mary Rodriguez,Female,Hispanic,9,Java; SQL
Mary Davis,Female,Black,2,DevOps; Cybersecurity
Jennifer Rodriguez,Female,Hispanic,10,SQL; Python
Susan Williams,Female,Hispanic,8,DevOps; Machine Learning
Joseph Rodriguez,Male,White,10,Networking; Java
James Brown,Male,White,6,Machine Learning; DevOps
Patricia Miller,Female,White,10,React; Python
Barbara Jones,Female,White,8,Networking; Java
Susan Smith,Female,White,2,Java; Networking
Susan Jones,Female,Asian,8,Machine Learning; DevOps
Charles Rodriguez,Male,Asian,5,Networking; SQL
Jennifer Miller,Female,Asian,5,Cloud; DevOps
Karen Martinez,Female,Black,2,Cybersecurity; Machine Learning
Patricia Miller,Female,Hispanic,5,Networking; Cloud
William Williams,Male,Hispanic,7,Python; Data Analysis
James Garcia,Male,Black,9,Java; DevOps
Elizabeth Miller,Female,White,3,SQL; DevOps
Linda Martinez,Female,Hispanic,4,Python; Networking
Patricia Miller,Female,Asian,10,React; Networking
Robert Jones,Male,White,9,Python; Cloud
Richard Rodriguez,Male,Asian,7,Cloud; Data Analysis
Jessica Brown,Female,Black,10,Networking; Cloud
Jennifer Martinez,Female,White,1,Data Analysis; React
John Brown,Male,Asian,6,Data Analysis; Cybersecurity
Elizabeth Brown,Female,Black,7,React; Machine Learning
Mary Garcia,Female,White,6,Machine Learning; Networking
William Garcia,Male,Asian,8,Cloud; Data Analysis
William Martinez,Male,Hispanic,5,Cybersecurity; Machine Learning
Michael Davis,Male,Asian,4,React; Cybersecurity
Linda Martinez,Female,Asian,10,Data Analysis; Python
Thomas Miller,Male,Hispanic,7,Cybersecurity; Java
Patricia Davis,Female,Asian,9,Cloud; Data Analysis
Linda Rodriguez,Female,Asian,2,SQL; DevOps
James Martinez,Male,Hispanic,9,Data Analysis; Python
Michael Miller,Male,Black,7,Networking; Data Analysis
Charles Martinez,Male,Hispanic,8,Data Analysis; Machine Learning
Robert Johnson,Male,Hispanic,4,SQL; Python
Michael Davis,Male,Hispanic,9,Cloud; DevOps
Karen Smith,Female,Black,3,Java; Machine Learning
Robert Jones,Male,Hispanic,4,SQL; DevOps
Thomas Williams,Male,Asian,10,DevOps; React
Robert Davis,Male,Asian,10,Machine Learning; Data Analysis
Jessica Davis,Female,Black,4,DevOps; Machine Learning
William Garcia,Male,Hispanic,9,Cloud; Data Analysis
Jessica Smith,Female,Hispanic,4,React; Cybersecurity
Barbara Smith,Female,Hispanic,2,Cloud; Python
Mary Johnson,Female,Hispanic,10,DevOps; Cybersecurity
Richard Rodriguez,Male,White,2,SQL; Data Analysis
Joseph Martinez,Male,Asian,6,Data Analysis; Java
Susan Brown,Female,Asian,6,Cybersecurity; Python
Joseph Smith,Male,Black,2,Java; DevOps
Karen Davis,Female,Black,4,DevOps; Python
Karen Smith,Female,Asian,6,Data Analysis; DevOps
Michael Smith,Male,Asian,6,Cloud; Machine Learning
Michael Brown,Male,Asian,7,Data Analysis; Networking
Elizabeth Rodriguez,Female,Black,5,Networking; Cybersecurity
David Williams,Male,White,7,Data Analysis; Networking
Mary Miller,Female,White,5,Cloud; Machine Learning
Sarah Miller,Female,Asian,4,Cloud; DevOps
Linda Davis,Female,Black,5,DevOps; Machine Learning
James Rodriguez,Male,White,4,Cloud; Machine Learning
Jessica Miller,Female,White,1,Python; Machine Learning
Barbara Brown,Female,Hispanic,10,Data Analysis; Networking
William Rodriguez,Male,Asian,1,DevOps; Data Analysis
Thomas Johnson,Male,Hispanic,10,SQL; Networking
Barbara Garcia,Female,Black,1,Cybersecurity; Networking
Michael Johnson,Male,Hispanic,2,Data Analysis; DevOps
Susan Garcia,Female,Asian,9,SQL; Cloud
James Martinez,Male,Black,6,Machine Learning; DevOps
Thomas Rodriguez,Male,Black,6,Java; React
Susan Rodriguez,Female,White,6,Java; Python
Mary Brown,Female,Asian,10,Cybersecurity; Python
Karen Brown,Female,Asian,9,Cloud; SQL
Sarah Jones,Female,Asian,10,Data Analysis; Machine Learning
Charles Williams,Male,Asian,1,Cybersecurity; Java
Jennifer Davis,Female,White,9,Machine Learning; Cloud
Susan Williams,Female,Asian,2,Java; React
Patricia Jones,Female,Asian,2,SQL; React
Jessica Rodriguez,Female,White,10,SQL; DevOps
David Rodriguez,Male,Asian,8,React; Cloud
Linda Rodriguez,Female,Hispanic,10,Java; Networking
Patricia Jones,Female,White,10,Machine Learning; DevOps
Karen Brown,Female,Asian,9,Cybersecurity; React
Jessica Brown,Female,Asian,6,Networking; SQL
Susan Garcia,Female,Black,4,DevOps; Cybersecurity
Susan Davis,Female,Black,3,SQL; DevOps
Richard Rodriguez,Male,Hispanic,8,Networking; Cybersecurity
David Rodriguez,Male,Asian,6,DevOps; Java
Michael Williams,Male,Asian,3,Data Analysis; Cybersecurity
Thomas Rodriguez,Male,White,4,SQL; Cybersecurity
Richard Davis,Male,Hispanic,8,Java; Machine Learning
Jennifer Miller,Female,Black,9,Java; Data Analysis
Michael Brown,Male,Hispanic,9,Java; Data Analysis
Thomas Jones,Male,Hispanic,5,Python; Machine Learning
William Miller,Male,Asian,8,React; Data Analysis
William Smith,Male,Asian,8,Cybersecurity; Networking
Robert Johnson,Male,Hispanic,2,Cloud; Networking
Thomas Miller,Male,White,7,Cybersecurity; Java
Robert Davis,Male,Hispanic,5,SQL; Java
Susan Rodriguez,Female,Black,10,Data Analysis; Cybersecurity
Thomas Brown,Male,Asian,7,Networking; SQL
David Miller,Male,Asian,9,Java; Machine Learning
Barbara Martinez,Female,Black,5,React; Machine Learning
James Martinez,Male,Asian,5,Java; React
Jessica Rodriguez,Female,Hispanic,5,Cybersecurity; Python
Karen Smith,Female,Asian,8,SQL; Machine Learning
Patricia Garcia,Female,White,9,Java; Cybersecurity
Robert Jones,Male,Black,5,Networking; React
Robert Martinez,Male,Hispanic,7,SQL; Data Analysis
Barbara Johnson,Female,White,1,Cybersecurity; Python
Elizabeth Williams,Female,Hispanic,9,Data Analysis; Java
Sarah Smith,Female,Black,10,Data Analysis; DevOps
John Brown,Male,Black,5,DevOps; Networking
Elizabeth Smith,Female,Asian,3,Data Analysis; Java
William Martinez,Male,Asian,4,SQL; Data Analysis
Richard Martinez,Male,White,10,Java; Data Analysis
Charles Davis,Male,White,1,Networking; Machine Learning
David Smith,Male,Asian,5,React; Cybersecurity
Charles Brown,Male,Hispanic,10,Machine Learning; React
Sarah Smith,Female,White,4,Data Analysis; Cloud
Karen Smith,Female,White,4,Data Analysis; Machine Learning
William Smith,Male,Hispanic,1,Python; Networking
William Davis,Male,Asian,9,DevOps; Python
Susan Williams,Female,Hispanic,4,Data Analysis; Python
Robert Williams,Male,White,5,Java; Data Analysis
John Martinez,Male,Hispanic,6,Data Analysis; SQL
Susan Smith,Female,Black,10,Networking; React
William Rodriguez,Male,Black,2,Cybersecurity; Machine Learning
Karen Garcia,Female,Asian,3,Cloud; React
Karen Miller,Female,Hispanic,6,Cybersecurity; Java
Linda Rodriguez,Female,Asian,1,SQL; Cybersecurity
Michael Smith,Male,Black,3,Python; React
William Davis,Male,White,3,DevOps; Machine Learning
Michael Brown,Male,Hispanic,3,DevOps; SQL
Robert Garcia,Male,White,2,React; Cybersecurity
Patricia Brown,Female,White,3,SQL; Cybersecurity
William Williams,Male,White,4,Cloud; Java
Jennifer Smith,Female,Black,8,Java; Cybersecurity
Mary Davis,Female,White,2,Cybersecurity; DevOps
William Miller,Male,Hispanic,6,Python; Networking
Robert Davis,Male,White,4,Cybersecurity; Cloud
Jennifer Williams,Female,White,7,DevOps; Cybersecurity
Charles Smith,Male,Black,6,Cybersecurity; DevOps
David Johnson,Male,Asian,4,Data Analysis; Cloud
Charles Martinez,Male,Black,6,Machine Learning; React
Elizabeth Brown,Female,White,6,DevOps; Networking
David Rodriguez,Male,Asian,3,Cybersecurity; SQL
James Jones,Male,Black,1,Java; Data Analysis
John Garcia,Male,Asian,9,DevOps; Machine Learning
Charles Rodriguez,Male,Black,5,Python; Cloud
Richard Garcia,Male,Hispanic,10,Data Analysis; Cybersecurity
John Rodriguez,Male,White,8,Java; Cybersecurity
John Johnson,Male,Asian,9,Data Analysis; SQL
John Garcia,Male,Hispanic,5,DevOps; React
Karen Jones,Female,Black,5,Java; Cybersecurity
Sarah Johnson,Female,Hispanic,7,DevOps; Cloud
Robert Johnson,Male,Black,1,SQL; Cybersecurity
William Jones,Male,White,5,Cloud; SQL
John Davis,Male,Hispanic,6,React; Python
Robert Smith,Male,Hispanic,9,SQL; Java
Elizabeth Davis,Female,Hispanic,9,Networking; DevOps
James Miller,Male,Hispanic,7,Networking; Python
Karen Smith,Female,Black,2,SQL; React
James Brown,Male,Asian,7,Cybersecurity; Java
Susan Davis,Female,Black,1,DevOps; Cybersecurity
Elizabeth Williams,Female,White,5,Python; Networking
Susan Martinez,Female,Black,8,Java; Data Analysis
Michael Williams,Male,White,6,Networking; Machine Learning
John Miller,Male,Black,4,Cybersecurity; Cloud
Barbara Jones,Female,White,2,Networking; Machine Learning
James Martinez,Male,Black,9,Data Analysis; Cloud
Linda Rodriguez,Female,Asian,4,Machine Learning; Python
Susan Rodriguez,Female,Asian,8,Cloud; Machine Learning
Jennifer Jones,Female,White,10,React; SQL
Elizabeth Rodriguez,Female,Black,10,Python; Networking
Richard Johnson,Male,Black,8,SQL; React
Barbara Martinez,Female,White,3,DevOps; Machine Learning
Charles Miller,Male,Hispanic,7,Java; SQL
Robert Smith,Male,Hispanic,7,Cybersecurity; Java
Susan Johnson,Female,Black,1,DevOps; Data Analysis
James Davis,Male,Asian,6,Networking; SQL
David Jones,Male,White,4,Cybersecurity; Python
David Rodriguez,Male,White,10,Java; Cloud
Patricia Rodriguez,Female,Black,2,SQL; React
Thomas Smith,Male,Hispanic,6,Networking; Java
Jennifer Jones,Female,Black,2,Machine Learning; Cloud
John Garcia,Male,Black,1,Cybersecurity; SQL
Richard Garcia,Male,Black,10,Data Analysis; Machine Learning
Richard Johnson,Male,White,3,Data Analysis; DevOps
David Miller,Male,Hispanic,2,DevOps; Cybersecurity
Charles Rodriguez,Male,Black,4,Java; Cloud
Jennifer Martinez,Female,Hispanic,9,DevOps; Cloud
James Miller,Male,Asian,10,React; Machine Learning
Joseph Williams,Male,Hispanic,10,Networking; Machine Learning
Charles Brown,Male,Hispanic,2,Cybersecurity; Machine Learning
Susan Rodriguez,Female,Black,6,Networking; Cloud
Elizabeth Johnson,Female,Hispanic,1,Networking; Java
Joseph Miller,Male,Asian,2,DevOps; Machine Learning
Jennifer Brown,Female,Black,8,Cybersecurity; Machine Learning
Joseph Garcia,Male,Hispanic,8,Python; Cybersecurity
Patricia Williams,Female,Black,10,Java; Python
Susan Miller,Female,Black,8,SQL; Networking
Linda Brown,Female,Black,2,Data Analysis; Python
James Johnson,Male,White,9,Networking; Data Analysis
Barbara Smith,Female,White,5,Data Analysis; SQL
Robert Martinez,Male,Black,3,Cybersecurity; React
Robert Johnson,Male,Black,2,React; Cybersecurity
Jennifer Smith,Female,Black,7,DevOps; Cybersecurity
Linda Johnson,Female,Hispanic,3,Data Analysis; Java
Mary Davis,Female,Asian,2,Data Analysis; Machine Learning
Sarah Jones,Female,Asian,4,Machine Learning; DevOps
Michael Garcia,Male,Hispanic,3,Cybersecurity; Java
Michael Johnson,Male,Asian,2,Cybersecurity; Data Analysis
Susan Johnson,Female,Asian,7,Networking; Machine Learning
Jennifer Williams,Female,White,1,DevOps; Networking
Richard Brown,Male,Hispanic,9,DevOps; Data Analysis
Joseph Garcia,Male,Asian,4,Java; Machine Learning
Karen Brown,Female,Black,9,DevOps; React
Mary Smith,Female,Hispanic,8,Machine Learning; Networking
William Brown,Male,Black,7,DevOps; Python
Charles Miller,Male,Hispanic,6,Machine Learning; DevOps
Joseph Miller,Male,Black,6,DevOps; Machine Learning
Richard Martinez,Male,Hispanic,5,SQL; Machine Learning
William Miller,Male,Black,4,Machine Learning; Python
John Miller,Male,Hispanic,8,DevOps; Cybersecurity
Linda Smith,Female,White,5,React; Networking
Sarah Johnson,Female,Hispanic,6,SQL; Networking
Sarah Jones,Female,Black,9,Python; Java
Michael Miller,Male,Hispanic,5,SQL; Python
Barbara Rodriguez,Female,Hispanic,8,Cybersecurity; DevOps
Jessica Garcia,Female,Hispanic,5,Python; SQL
Sarah Rodriguez,Female,White,8,Python; DevOps
Barbara Garcia,Female,Asian,5,React; Cloud
Jennifer Davis,Female,Black,5,Cybersecurity; Cloud
Mary Smith,Female,Hispanic,5,Networking; Python
Patricia Davis,Female,Hispanic,1,Java; Machine Learning
Jessica Williams,Female,Black,6,Cloud; Networking
Mary Davis,Female,Black,4,React; SQL
Elizabeth Rodriguez,Female,White,6,Machine Learning; Java
Michael Smith,Male,Asian,8,Cloud; Networking
Elizabeth Miller,Female,Hispanic,7,Cloud; React
Richard Garcia,Male,White,9,Python; Data Analysis
Sarah Jones,Female,White,7,Data Analysis; SQL
Sarah Smith,Female,Hispanic,5,Cybersecurity; React
Elizabeth Davis,Female,White,5,React; Cybersecurity
Sarah Miller,Female,Hispanic,8,Machine Learning; SQL
William Martinez,Male,Asian,4,React; Data Analysis
Jennifer Williams,Female,White,8,Cloud; React
William Garcia,Male,White,4,Data Analysis; Networking
Joseph Rodriguez,Male,White,1,Cybersecurity; Machine Learning
James Rodriguez,Male,Hispanic,7,Cloud; React
Charles Williams,Male,Hispanic,1,Python; SQL
William Rodriguez,Male,Black,9,Cybersecurity; Cloud
William Williams,Male,White,4,Cybersecurity; Machine Learning
Linda Williams,Female,Asian,6,Machine Learning; Cybersecurity
Barbara Johnson,Female,White,6,Java; Python
Richard Smith,Male,Black,5,Cybersecurity; React
Karen Brown,Female,Black,10,Cloud; SQL
Michael Garcia,Male,White,10,Machine Learning; Java
James Smith,Male,Hispanic,2,Networking; Machine Learning
Mary Williams,Female,White,9,Cloud; DevOps
Charles Johnson,Male,Black,9,Networking; Java
Thomas Jones,Male,Hispanic,4,React; Cybersecurity
Mary Brown,Female,Hispanic,8,Java; Cybersecurity
James Brown,Male,Asian,10,Data Analysis; Cloud
Sarah Garcia,Female,Hispanic,8,SQL; React
Thomas Johnson,Male,Asian,10,Cybersecurity; Networking
Charles Davis,Male,Hispanic,6,SQL; Networking
James Miller,Male,Asian,4,SQL; Java
Thomas Davis,Male,Asian,7,Cloud; Cybersecurity
Patricia Johnson,Female,Black,10,Java; Cloud
Linda Martinez,Female,Hispanic,5,Python; Data Analysis
Linda Martinez,Female,Black,2,DevOps; SQL
Linda Rodriguez,Female,Black,6,Cloud; Python
Patricia Miller,Female,Black,3,DevOps; Cloud
William Jones,Male,White,8,React; Java
Michael Davis,Male,Hispanic,2,SQL; React
William Garcia,Male,Hispanic,7,React; Java
Barbara Johnson,Female,Asian,10,Python; Data Analysis
Charles Rodriguez,Male,Asian,9,SQL; Java
Susan Johnson,Female,Asian,2,Java; Python
Linda Smith,Female,Hispanic,3,Machine Learning; DevOps
John Smith,Male,Asian,9,Networking; Python
Susan Davis,Female,White,10,Data Analysis; Cybersecurity
Elizabeth Jones,Female,Asian,1,React; Machine Learning
John Martinez,Male,Asian,1,Cybersecurity; SQL
Barbara Martinez,Female,Hispanic,6,Cybersecurity; Networking
Susan Brown,Female,Black,2,Java; DevOps
Michael Brown,Male,Hispanic,3,Data Analysis; SQL
Elizabeth Rodriguez,Female,White,2,Java; Python
John Miller,Male,Hispanic,6,Networking; Python
Richard Jones,Male,Asian,10,Networking; Cybersecurity
James Davis,Male,Black,3,Machine Learning; Java
Karen Davis,Female,White,1,Data Analysis; Machine Learning
Elizabeth Miller,Female,Black,2,Data Analysis; Cybersecurity
John Brown,Male,White,1,Machine Learning; Networking
Sarah Garcia,Female,Black,7,Cloud; Java
Elizabeth Rodriguez,Female,Black,6,Cybersecurity; SQL
Joseph Jones,Male,White,10,Python; DevOps
Jennifer Smith,Female,White,6,DevOps; Python
Susan Miller,Female,White,2,Cloud; DevOps
Charles Rodriguez,Male,White,8,Data Analysis; Java
James Williams,Male,Black,7,Python; Data Analysis
Karen Johnson,Female,White,3,Cloud; Machine Learning
Robert Williams,Male,Black,10,Cybersecurity; Networking
Karen Rodriguez,Female,Hispanic,1,Cloud; React
Patricia Garcia,Female,Hispanic,9,Cybersecurity; Cloud
Joseph Jones,Male,Black,1,Python; Java
Thomas Rodriguez,Male,Hispanic,1,Python; SQL
William Miller,Male,Hispanic,8,Cloud; SQL
Sarah Brown,Female,Asian,8,Cloud; Networking
Elizabeth Johnson,Female,Black,1,DevOps; React
Jessica Williams,Female,Black,4,Data Analysis; Python
Elizabeth Smith,Female,White,2,Java; DevOps
Joseph Garcia,Male,Black,8,Cybersecurity; Machine Learning
Joseph Davis,Male,Hispanic,3,Cybersecurity; SQL
Barbara Johnson,Female,Black,5,Machine Learning; React
Jessica Johnson,Female,Hispanic,3,Networking; React
Linda Smith,Female,Black,6,Cloud; Cybersecurity
Sarah Martinez,Female,Hispanic,7,Cloud; SQL
John Brown,Male,Black,5,Python; Cloud
Jennifer Garcia,Female,Hispanic,8,React; Machine Learning
James Smith,Male,White,2,SQL; Cybersecurity
Susan Miller,Female,Asian,6,Networking; Cloud
Charles Williams,Male,Hispanic,3,Cloud; SQL
Richard Jones,Male,Asian,10,Cybersecurity; Python
Thomas Williams,Male,Black,7,SQL; Machine Learning
John Johnson,Male,Black,10,React; Networking
Sarah Johnson,Female,Hispanic,10,Cybersecurity; Data Analysis
John Martinez,Male,Asian,10,Networking; Java
Joseph Brown,Male,Hispanic,4,Data Analysis; DevOps
Barbara Jones,Female,Black,4,React; Python
Elizabeth Brown,Female,White,7,Cloud; Machine Learning
William Jones,Male,Asian,4,Cloud; Python
Patricia Miller,Female,Hispanic,1,Machine Learning; Cloud
Jennifer Brown,Female,White,8,DevOps; SQL
Jessica Garcia,Female,Hispanic,7,Cybersecurity; DevOps
Barbara Jones,Female,White,8,Cybersecurity; Machine Learning
Barbara Garcia,Female,Asian,7,DevOps; Cybersecurity
David Smith,Male,White,9,React; Networking
Joseph Garcia,Male,Hispanic,3,Python; Java
Jennifer Jones,Female,Asian,1,Machine Learning; Java
Michael Brown,Male,White,1,Data Analysis; Networking
Susan Smith,Female,Asian,5,Machine Learning; Cybersecurity
Jennifer Garcia,Female,Hispanic,1,Java; SQL
James Williams,Male,Asian,2,SQL; Machine Learning
Charles Smith,Male,Asian,7,Cloud; Cybersecurity
Thomas Williams,Male,White,10,SQL; Data Analysis
Michael Martinez,Male,Hispanic,8,Networking; SQL
Linda Davis,Female,White,2,Cybersecurity; Cloud
Sarah Brown,Female,Hispanic,9,Java; Cloud
Michael Jones,Male,Black,10,Java; DevOps
Thomas Davis,Male,Black,10,Java; SQL
Patricia Smith,Female,Hispanic,3,Machine Learning; Cloud
Robert Rodriguez,Male,White,8,Cloud; React
Patricia Miller,Female,Asian,5,SQL; Cybersecurity
Linda Rodriguez,Female,Hispanic,7,Networking; DevOps
David Brown,Male,Hispanic,10,Networking; Data Analysis
Richard Garcia,Male,Black,6,Cloud; SQL
Jennifer Martinez,Female,White,5,Machine Learning; Java
Linda Davis,Female,Hispanic,10,Cloud; DevOps
Jennifer Garcia,Female,Asian,1,Networking; React
Linda Davis,Female,Black,10,SQL; Java
James Davis,Male,Hispanic,3,Machine Learning; React
Karen Miller,Female,Asian,7,Machine Learning; Cybersecurity
Robert Johnson,Male,Black,8,Python; Java
Joseph Garcia,Male,Black,8,Data Analysis; Networking
Robert Garcia,Male,Hispanic,5,Cloud; SQL
Elizabeth Garcia,Female,Black,7,Networking; Machine Learning
David Davis,Male,Hispanic,10,Networking; DevOps
Karen Jones,Female,White,2,Cybersecurity; Python
Patricia Garcia,Female,Black,4,Networking; Data Analysis
Elizabeth Martinez,Female,Hispanic,5,Machine Learning; React
Elizabeth Garcia,Female,Asian,5,Cybersecurity; Cloud
Elizabeth Smith,Female,White,5,Cloud; Java
James Brown,Male,White,6,SQL; Cybersecurity
Mary Williams,Female,Asian,8,DevOps; React
David Davis,Male,Hispanic,4,Data Analysis; React
Jessica Miller,Female,Black,5,Java; SQL
Michael Williams,Male,Hispanic,9,Networking; React
Barbara Martinez,Female,White,2,Cloud; Python
Karen Smith,Female,White,2,Cybersecurity; Java
Susan Williams,Female,Black,6,Machine Learning; Cybersecurity
Susan Davis,Female,White,7,Cybersecurity; Data Analysis
Joseph Brown,Male,Black,10,React; Java
David Garcia,Male,Black,10,Python; Machine Learning
Susan Garcia,Female,Asian,7,Cybersecurity; Data Analysis
John Jones,Male,Hispanic,7,Java; Networking
Karen Rodriguez,Female,Hispanic,1,Networking; SQL
Jessica Miller,Female,Black,1,DevOps; Java
Jennifer Brown,Female,Asian,5,Data Analysis; Cybersecurity
Robert Brown,Male,White,6,Python; Cloud
Susan Davis,Female,Hispanic,5,Java; Machine Learning
Sarah Williams,Female,Black,1,Java; Data Analysis
William Brown,Male,Asian,2,SQL; Data Analysis
Jessica Rodriguez,Female,Hispanic,5,Machine Learning; Java
Jennifer Brown,Female,White,5,Python; Machine Learning
Richard Williams,Male,Hispanic,8,Java; DevOps
Richard Williams,Male,Asian,5,Java; Python
Jennifer Jones,Female,Asian,5,SQL; Java
Michael Johnson,Male,Black,4,SQL; React
Jennifer Jones,Female,Black,8,React; Data Analysis
Sarah Martinez,Female,White,1,SQL; Networking
Michael Johnson,Male,Asian,2,Machine Learning; Cybersecurity
Joseph Miller,Male,Black,9,SQL; Data Analysis
Linda Rodriguez,Female,Black,10,Cybersecurity; SQL
Mary Rodriguez,Female,Hispanic,8,Networking; Machine Learning
Joseph Williams,Male,Hispanic,5,Data Analysis; Networking
Richard Williams,Male,Asian,6,Cloud; Machine Learning
Michael Garcia,Male,Asian,3,Machine Learning; Cybersecurity
Susan Martinez,Female,Asian,5,Python; Machine Learning
David Martinez,Male,Asian,9,DevOps; Cloud
James Williams,Male,Black,6,Cybersecurity; Machine Learning
Thomas Brown,Male,Black,5,Networking; SQL
Mary Williams,Female,Black,5,Data Analysis; DevOps
Robert Martinez,Male,Asian,2,Cybersecurity; Data Analysis
Linda Garcia,Female,Hispanic,1,Java; Python
James Williams,Male,Asian,9,SQL; Data Analysis
Charles Smith,Male,White,6,React; Cybersecurity
Thomas Smith,Male,White,10,DevOps; React
William Smith,Male,Hispanic,7,DevOps; Java
Linda Brown,Female,White,7,React; SQL
James Miller,Male,White,7,Networking; Cybersecurity
Jennifer Johnson,Female,White,2,React; Cybersecurity
Patricia Jones,Female,Asian,3,Data Analysis; Machine Learning
Richard Garcia,Male,White,7,DevOps; Python
Mary Brown,Female,Hispanic,6,Cybersecurity; React
Karen Brown,Female,Hispanic,10,DevOps; Cloud
David Williams,Male,White,1,DevOps; Data Analysis
William Johnson,Male,Asian,1,Networking; Java
Jessica Williams,Female,Black,9,Data Analysis; SQL
Patricia Smith,Female,Black,7,Java; Data Analysis
Michael Davis,Male,Black,7,SQL; Java
Patricia Rodriguez,Female,Black,7,Cloud; Machine Learning
Linda Jones,Female,Hispanic,3,Data Analysis; Python
Mary Martinez,Female,Hispanic,10,React; DevOps
Michael Smith,Male,Black,10,Java; DevOps
Michael Davis,Male,Asian,5,DevOps; Data Analysis
Mary Martinez,Female,Black,7,Cybersecurity; DevOps
John Garcia,Male,Black,4,React; Java
Joseph Williams,Male,Black,10,Data Analysis; Cybersecurity
Richard Smith,Male,Hispanic,8,React; Networking
Jessica Martinez,Female,White,10,Data Analysis; Networking
Mary Johnson,Female,Hispanic,10,React; Java
Mary Smith,Female,White,3,Cybersecurity; Cloud
Susan Garcia,Female,White,9,Networking; Cybersecurity
Robert Garcia,Male,Black,6,SQL; Machine Learning
Robert Williams,Male,Black,7,Cybersecurity; Python
Richard Johnson,Male,White,9,Java; Networking
Jessica Smith,Female,White,3,Machine Learning; DevOps
Charles Garcia,Male,White,8,SQL; Machine Learning
Jennifer Rodriguez,Female,Asian,3,Data Analysis; React
James Rodriguez,Male,Asian,1,Cybersecurity; DevOps
Sarah Brown,Female,Asian,4,Cybersecurity; Python
Mary Davis,Female,White,1,Java; Cybersecurity
Linda Jones,Female,Black,4,Java; Data Analysis
Thomas Brown,Male,Black,5,Networking; Machine Learning
Jessica Williams,Female,White,5,React; Python
Patricia Garcia,Female,Hispanic,6,SQL; Machine Learning
Sarah Davis,Female,White,2,Cybersecurity; Cloud
Sarah Williams,Female,Hispanic,1,Cloud; Machine Learning
Robert Martinez,Male,Hispanic,4,SQL; Machine Learning
Karen Miller,Female,Hispanic,1,Cybersecurity; Cloud
Thomas Williams,Male,Black,8,SQL; Data Analysis
Jennifer Williams,Female,White,1,Cybersecurity; Cloud
Joseph Jones,Male,Hispanic,7,Java; Networking
Sarah Brown,Female,Asian,9,SQL; Networking
Richard Williams,Male,Asian,6,DevOps; Python
Charles Brown,Male,Black,3,Java; Data Analysis
John Johnson,Male,Black,7,DevOps; Networking
Richard Johnson,Male,White,7,SQL; Java
Patricia Miller,Female,Asian,4,SQL; Java
Thomas Miller,Male,Asian,10,Java; Networking
Linda Johnson,Female,Hispanic,5,Python; Networking
Linda Martinez,Female,Hispanic,6,Cloud; Java
Robert Rodriguez,Male,White,8,Machine Learning; React
Karen Miller,Female,White,10,Machine Learning; React
David Johnson,Male,Asian,10,Data Analysis; Python
Barbara Miller,Female,Black,7,Data Analysis; Cloud
Karen Williams,Female,Asian,9,Cloud; Networking
John Martinez,Male,Hispanic,2,Machine Learning; Python
Susan Miller,Female,Hispanic,7,Cybersecurity; Networking
Susan Johnson,Female,Asian,7,Cloud; Machine Learning
Thomas Rodriguez,Male,Hispanic,2,Cybersecurity; React
Karen Miller,Female,Hispanic,7,Cybersecurity; Networking
Susan Johnson,Female,Black,4,Cloud; SQL
Elizabeth Miller,Female,Black,6,Cybersecurity; React
John Williams,Male,Hispanic,2,Machine Learning; Data Analysis
Linda Miller,Female,Black,10,Cybersecurity; Machine Learning
Barbara Rodriguez,Female,White,8,DevOps; Networking
Linda Martinez,Female,White,7,Cloud; Data Analysis
Susan Miller,Female,Black,4,Python; Cybersecurity
John Smith,Male,Hispanic,1,Cloud; Cybersecurity
Patricia Davis,Female,White,9,Machine Learning; Python
Sarah Garcia,Female,Hispanic,4,Machine Learning; Cloud
Mary Martinez,Female,Black,7,React; Java
Sarah Garcia,Female,Hispanic,3,Machine Learning; Cybersecurity
Patricia Rodriguez,Female,Black,4,Java; Machine Learning
Jennifer Martinez,Female,Black,4,React; Cloud
Robert Jones,Male,Black,3,Data Analysis; Networking
Charles Williams,Male,Hispanic,5,DevOps; Cybersecurity
Patricia Martinez,Female,Asian,1,React; Python
Robert Smith,Male,Hispanic,1,SQL; Machine Learning
Robert Johnson,Male,White,7,Networking; Data Analysis
James Brown,Male,Asian,6,Java; React
Thomas Rodriguez,Male,Asian,2,DevOps; Cloud
Richard Davis,Male,Asian,1,Java; SQL
Thomas Johnson,Male,White,10,Java; React
Jessica Davis,Female,Asian,6,Java; React
Karen Miller,Female,Black,10,Machine Learning; Cybersecurity
Robert Garcia,Male,White,1,SQL; DevOps
Sarah Jones,Female,Asian,4,Cloud; Machine Learning
William Brown,Male,White,5,Cloud; Machine Learning
Barbara Johnson,Female,Hispanic,9,SQL; Networking
Richard Garcia,Male,Hispanic,3,Data Analysis; Cloud
Jessica Miller,Female,Asian,4,SQL; Networking
Joseph Johnson,Male,Asian,5,Cybersecurity; Python
James Brown,Male,Black,5,Cloud; Machine Learning
Jennifer Jones,Female,White,6,DevOps; Cloud
Robert Brown,Male,Asian,1,SQL; Data Analysis
Sarah Jones,Female,Hispanic,1,Cybersecurity; Python
Linda Garcia,Female,Asian,4,Python; Java
Elizabeth Johnson,Female,Black,9,Data Analysis; Networking
Elizabeth Garcia,Female,Asian,1,Python; Networking
Barbara Brown,Female,Black,7,SQL; Python
Linda Garcia,Female,Asian,6,SQL; Java
William Williams,Male,Hispanic,1,Python; DevOps
Patricia Jones,Female,White,10,Machine Learning; Cloud
Charles Jones,Male,Hispanic,9,React; SQL
Robert Rodriguez,Male,Asian,3,Machine Learning; Cybersecurity
Barbara Davis,Female,Asian,2,Machine Learning; SQL
Jessica Johnson,Female,White,3,Java; Networking
Joseph Smith,Male,White,3,Cloud; Data Analysis
Thomas Davis,Male,Black,8,Networking; Machine Learning
Karen Davis,Female,Black,10,DevOps; Cybersecurity
William Martinez,Male,White,8,React; Data Analysis
Elizabeth Johnson,Female,White,9,Machine Learning; Cloud
Joseph Johnson,Male,White,4,Machine Learning; Networking
Joseph Davis,Male,Hispanic,7,SQL; Data Analysis
Linda Williams,Female,Asian,9,DevOps; Machine Learning
James Williams,Male,Asian,1,Data Analysis; SQL
Jennifer Jones,Female,Hispanic,8,Machine Learning; SQL
Robert Davis,Male,White,8,Data Analysis; React
Karen Martinez,Female,White,8,Networking; Data Analysis
James Davis,Male,White,7,Cloud; Cybersecurity
Richard Miller,Male,Hispanic,2,DevOps; Cybersecurity
Michael Smith,Male,Black,5,SQL; Cloud
William Johnson,Male,Asian,4,Cloud; DevOps
Jessica Rodriguez,Female,Black,3,Cloud; Machine Learning
Jennifer Martinez,Female,Black,5,Cybersecurity; Python
Michael Brown,Male,Hispanic,5,Python; Networking
Sarah Johnson,Female,Hispanic,1,Cybersecurity; SQL
Richard Smith,Male,White,7,Data Analysis; Python
Linda Brown,Female,Asian,3,DevOps; SQL
Robert Rodriguez,Male,Black,3,Data Analysis; SQL
Jennifer Johnson,Female,Hispanic,3,Data Analysis; Machine Learning
Jennifer Brown,Female,Asian,9,Cloud; SQL
Barbara Martinez,Female,White,9,Java; Machine Learning
Susan Garcia,Female,White,10,React; Java
Michael Miller,Male,White,4,Data Analysis; React
Richard Martinez,Male,White,10,DevOps; Networking
David Davis,Male,Asian,8,Python; React
Barbara Brown,Female,Hispanic,4,Data Analysis; Python
Elizabeth Jones,Female,Asian,9,Cybersecurity; Cloud
Sarah Miller,Female,Hispanic,6,Machine Learning; DevOps
Jessica Martinez,Female,Black,1,Cloud; Networking
Joseph Johnson,Male,White,1,Python; Cybersecurity
Elizabeth Johnson,Female,Hispanic,10,DevOps; React
Linda Rodriguez,Female,Hispanic,7,DevOps; SQL
Thomas Brown,Male,White,7,Python; SQL
Robert Miller,Male,White,3,Java; Machine Learning
Elizabeth Smith,Female,Black,3,React; DevOps
Mary Brown,Female,Black,3,React; Cybersecurity
Robert Jones,Male,White,5,Java; Machine Learning
Thomas Miller,Male,Black,6,Data Analysis; Python
Barbara Williams,Female,Hispanic,8,Python; React
Elizabeth Davis,Female,Hispanic,10,DevOps; Python
Linda Martinez,Female,Hispanic,10,React; Cloud
Linda Johnson,Female,Black,10,Machine Learning; Java
Richard Garcia,Male,Black,7,Cybersecurity; SQL
Sarah Williams,Female,Black,10,Networking; SQL
David Williams,Male,Black,10,Cloud; React
Richard Davis,Male,Hispanic,4,Machine Learning; Networking
Karen Garcia,Female,White,10,Networking; Data Analysis
Karen Williams,Female,Asian,2,Data Analysis; Cybersecurity
Barbara Williams,Female,Black,8,Python; DevOps
William Garcia,Male,Black,2,DevOps; Cybersecurity
Patricia Smith,Female,Black,9,Java; Data Analysis
Thomas Johnson,Male,Hispanic,10,DevOps; Cloud
Elizabeth Johnson,Female,Hispanic,9,Cloud; Java
Elizabeth Brown,Female,Black,1,React; Machine Learning
Patricia Williams,Female,White,10,Python; React
Susan Johnson,Female,Hispanic,5,Data Analysis; Cloud
Robert Smith,Male,White,2,Cloud; Networking
Patricia Martinez,Female,Hispanic,1,Machine Learning; Python
William Martinez,Male,Hispanic,7,React; DevOps
Mary Miller,Female,Black,4,Python; Cloud
Charles Jones,Male,White,4,Networking; Machine Learning
Charles Martinez,Male,White,3,Python; React
Robert Jones,Male,White,6,Cybersecurity; Java
John Davis,Male,Asian,7,DevOps; Networking
Karen Smith,Female,White,10,Python; SQL
Thomas Davis,Male,Hispanic,5,Cloud; Networking
Mary Rodriguez,Female,Asian,3,Java; Machine Learning
Karen Garcia,Female,Black,3,React; Java
Jennifer Williams,Female,Hispanic,3,Machine Learning; DevOps
Karen Smith,Female,Hispanic,9,Python; React
John Smith,Male,Asian,8,Machine Learning; React
Thomas Williams,Male,White,7,Networking; Java
William Garcia,Male,Hispanic,1,Machine Learning; Cloud
John Davis,Male,Asian,10,SQL; Networking
Linda Davis,Female,Asian,2,Cloud; DevOps
Michael Davis,Male,Black,6,DevOps; Data Analysis
Thomas Jones,Male,White,2,Networking; Data Analysis
Michael Martinez,Male,White,7,Data Analysis; SQL
Linda Jones,Female,White,5,SQL; React
William Jones,Male,White,4,Cybersecurity; Networking
Sarah Jones,Female,Hispanic,7,SQL; Networking
Patricia Williams,Female,Asian,3,SQL; Machine Learning
Robert Rodriguez,Male,White,6,Cloud; SQL
Jessica Brown,Female,Hispanic,1,React; DevOps
Charles Garcia,Male,Asian,2,Python; Cloud
Susan Davis,Female,Hispanic,7,Python; React
Joseph Miller,Male,Black,7,Data Analysis; Networking
Susan Jones,Female,Hispanic,6,Java; Data Analysis
John Williams,Male,White,3,Networking; Python
Richard Brown,Male,Hispanic,1,Cybersecurity; Python
Michael Miller,Male,Hispanic,4,DevOps; Cybersecurity
Richard Smith,Male,Asian,9,Cloud; DevOps
Susan Garcia,Female,White,7,React; Machine Learning
Joseph Brown,Male,Asian,7,Java; SQL
John Garcia,Male,Asian,1,Java; Machine Learning
Jessica Martinez,Female,Hispanic,8,Python; DevOps
Robert Miller,Male,Hispanic,1,Data Analysis; Networking
Jennifer Brown,Female,White,3,Networking; Python
Mary Miller,Female,Asian,6,Cybersecurity; Machine Learning
Jennifer Davis,Female,Black,7,Machine Learning; React
Mary Brown,Female,White,1,Cloud; Networking
Barbara Miller,Female,White,10,Data Analysis; DevOps
Michael Smith,Male,Hispanic,5,Python; Cybersecurity
William Miller,Male,Black,10,Data Analysis; Cloud
Karen Garcia,Female,Asian,2,Java; Machine Learning
Sarah Johnson,Female,White,6,DevOps; SQL
Mary Johnson,Female,Hispanic,3,Data Analysis; Cloud
Richard Williams,Male,White,7,SQL; Cloud
Jessica Brown,Female,White,6,SQL; DevOps
Robert Garcia,Male,Hispanic,1,Python; Data Analysis
Richard Rodriguez,Male,Black,5,SQL; Networking
Jennifer Miller,Female,Black,4,Data Analysis; Cloud
Karen Garcia,Female,Asian,7,Data Analysis; DevOps
Jessica Jones,Female,Black,3,DevOps; SQL
Elizabeth Johnson,Female,White,1,Python; Networking
Susan Miller,Female,Hispanic,10,Java; Data Analysis
Mary Johnson,Female,White,4,React; Machine Learning
Mary Johnson,Female,Asian,10,SQL; Networking
Jennifer Brown,Female,Asian,1,DevOps; Networking
Michael Williams,Male,Black,5,Networking; Java
Jessica Miller,Female,Black,5,SQL; Python
Thomas Smith,Male,Black,3,React; Java
David Brown,Male,White,10,DevOps; Cloud
Linda Martinez,Female,Hispanic,10,Cloud; Networking
Karen Miller,Female,Asian,9,SQL; Python
Richard Johnson,Male,Black,5,Cybersecurity; DevOps
William Garcia,Male,Hispanic,10,Networking; Cloud
William Garcia,Male,White,9,React; Networking
William Davis,Male,White,5,Networking; Data Analysis
William Jones,Male,Hispanic,4,Java; Machine Learning
Michael Rodriguez,Male,Hispanic,5,Cybersecurity; Networking
Joseph Martinez,Male,Asian,3,Java; Cybersecurity
Thomas Smith,Male,Black,8,Machine Learning; Python
David Davis,Male,Hispanic,7,Java; React
Thomas Martinez,Male,White,8,Networking; Machine Learning
Robert Garcia,Male,Asian,10,SQL; DevOps
Charles Jones,Male,Hispanic,3,Machine Learning; React
Charles Jones,Male,Hispanic,8,Cybersecurity; Java
Robert Miller,Male,Asian,2,DevOps; Data Analysis
Jennifer Davis,Female,Hispanic,10,Java; Python
Mary Martinez,Female,Hispanic,4,Machine Learning; React
David Garcia,Male,White,7,Java; Data Analysis
Jessica Brown,Female,Asian,8,Data Analysis; Java
William Miller,Male,White,5,DevOps; Python
Patricia Johnson,Female,Asian,3,Networking; Python
Thomas Miller,Male,Black,1,SQL; Cloud
John Rodriguez,Male,Hispanic,4,Cybersecurity; Cloud
Linda Miller,Female,Asian,5,DevOps; Data Analysis
Patricia Brown,Female,Black,3,Cybersecurity; React
Richard Davis,Male,Hispanic,7,Cybersecurity; React
Linda Brown,Female,Asian,2,Networking; Cybersecurity
Barbara Smith,Female,Asian,1,Java; DevOps
Susan Rodriguez,Female,Black,2,React; Python
William Williams,Male,Hispanic,4,Networking; Data Analysis
James Johnson,Male,Asian,1,Machine Learning; Python
John Brown,Male,Hispanic,8,Python; React
Charles Smith,Male,Hispanic,5,Machine Learning; SQL
John Rodriguez,Male,Hispanic,8,Python; Networking
Charles Rodriguez,Male,Black,10,Python; DevOps
William Rodriguez,Male,Hispanic,6,Java; Machine Learning
David Brown,Male,Hispanic,2,Machine Learning; SQL
Patricia Rodriguez,Female,Hispanic,9,DevOps; SQL
John Garcia,Male,Asian,7,Machine Learning; Python
William Brown,Male,Black,7,Networking; Machine Learning
Jessica Miller,Female,Black,5,Cloud; Cybersecurity
Jennifer Jones,Female,Asian,10,Machine Learning; Networking
Jennifer Martinez,Female,Black,1,SQL; Machine Learning
Karen Johnson,Female,Hispanic,3,DevOps; Cloud
Charles Williams,Male,White,4,Networking; Machine Learning
Mary Rodriguez,Female,Asian,3,React; Machine Learning
Joseph Davis,Male,White,2,DevOps; Cybersecurity
Thomas Rodriguez,Male,Asian,7,Python; Cloud
Robert Brown,Male,White,8,Data Analysis; DevOps
John Rodriguez,Male,Asian,7,Networking; Java
Jessica Williams,Female,Black,6,Data Analysis; React
Jennifer Davis,Female,White,3,DevOps; Java
Robert Jones,Male,White,7,Java; Python
Susan Williams,Female,White,1,Java; Python
Elizabeth Miller,Female,Asian,4,Java; Python
John Brown,Male,Hispanic,4,DevOps; SQL
James Johnson,Male,Black,10,Java; Cybersecurity
Elizabeth Smith,Female,Hispanic,7,Networking; Cybersecurity
John Williams,Male,White,6,Machine Learning; SQL
Robert Garcia,Male,White,5,DevOps; Cybersecurity
David Smith,Male,Hispanic,5,Java; Python
Michael Rodriguez,Male,Black,2,SQL; DevOps
David Rodriguez,Male,Black,10,Networking; DevOps
Joseph Rodriguez,Male,Hispanic,1,Machine Learning; SQL
Karen Martinez,Female,Black,5,Machine Learning; Cybersecurity
Michael Miller,Male,Hispanic,5,DevOps; Networking
David Brown,Male,Black,7,Cloud; Networking
Jennifer Jones,Female,Asian,4,DevOps; Cybersecurity
Linda Smith,Female,Black,3,Cybersecurity; Data Analysis
Mary Brown,Female,Asian,9,Cybersecurity; Cloud
David Davis,Male,Black,5,Python; React
David Garcia,Male,Hispanic,3,Cloud; SQL
David Brown,Male,Hispanic,9,DevOps; Java
John Williams,Male,Hispanic,2,Machine Learning; Cloud
Linda Johnson,Female,Asian,10,Python; Java
Charles Smith,Male,Asian,6,Cloud; Machine Learning
Michael Smith,Male,White,3,DevOps; Data Analysis
Karen Rodriguez,Female,Asian,1,Machine Learning; Python
Charles Davis,Male,Hispanic,7,Cloud; React
Elizabeth Johnson,Female,Asian,9,Data Analysis; Python
Richard Smith,Male,Asian,5,Machine Learning; Cybersecurity
Michael Davis,Male,Hispanic,7,React; Python
James Jones,Male,Hispanic,1,SQL; Machine Learning
John Rodriguez,Male,Hispanic,8,DevOps; Machine Learning
Mary Jones,Female,Asian,10,React; Cloud
David Miller,Male,White,9,Python; Machine Learning
James Jones,Male,Black,9,Java; Data Analysis
William Jones,Male,White,1,DevOps; Cybersecurity
James Brown,Male,Asian,9,Cloud; Python
Susan Martinez,Female,White,7,Cloud; Networking
Thomas Davis,Male,Hispanic,2,Networking; SQL
Thomas Brown,Male,Black,10,Python; Cybersecurity
Jessica Martinez,Female,White,1,Cloud; Cybersecurity
John Jones,Male,White,7,Networking; React
James Williams,Male,Asian,5,Machine Learning; Data Analysis
Richard Williams,Male,Asian,9,React; DevOps
Elizabeth Jones,Female,Hispanic,2,DevOps; SQL
John Davis,Male,Black,7,Cybersecurity; Cloud
Linda Miller,Female,Hispanic,2,Data Analysis; Java
Susan Martinez,Female,Asian,5,Cloud; SQL
Thomas Miller,Male,Asian,8,Cybersecurity; React
John Martinez,Male,Hispanic,5,Java; Data Analysis
Barbara Martinez,Female,Hispanic,2,Networking; Data Analysis
Mary Garcia,Female,Black,9,Data Analysis; Java
Barbara Smith,Female,Black,10,Networking; Java
Barbara Smith,Female,Asian,4,Data Analysis; Cloud
Mary Rodriguez,Female,Asian,1,Networking; Python
Elizabeth Brown,Female,Hispanic,2,Cloud; DevOps
Linda Williams,Female,Black,8,SQL; Machine Learning
Robert Jones,Male,Black,5,React; Java
James Johnson,Male,Asian,7,Cloud; Java
Barbara Miller,Female,White,1,SQL; Python
Elizabeth Williams,Female,Black,7,React; Machine Learning
Sarah Davis,Female,Hispanic,6,DevOps; Java
John Davis,Male,Black,4,Java; SQL
Mary Rodriguez,Female,Hispanic,7,Cybersecurity; React
Patricia Rodriguez,Female,Black,8,SQL; Cloud
Sarah Smith,Female,Hispanic,8,Python; Machine Learning
Richard Williams,Male,Black,1,Python; Cloud
Thomas Martinez,Male,Black,6,Python; Cloud
Charles Rodriguez,Male,Asian,6,SQL; Java
Susan Davis,Female,Black,10,Cybersecurity; Java
Linda Garcia,Female,Asian,7,React; Machine Learning
Charles Martinez,Male,White,7,Cybersecurity; DevOps
Richard Rodriguez,Male,Black,8,Data Analysis; React
Mary Brown,Female,White,6,React; DevOps
Thomas Miller,Male,Black,9,Java; Networking
Robert Johnson,Male,Asian,3,SQL; Data Analysis
Robert Brown,Male,White,6,Python; Machine Learning
John Williams,Male,Asian,10,Cloud; Machine Learning
Thomas Martinez,Male,Black,4,React; Cloud
Charles Brown,Male,Asian,6,SQL; Python
Barbara Garcia,Female,Hispanic,6,Networking; Data Analysis
Robert Garcia,Male,Asian,4,Python; SQL
Elizabeth Martinez,Female,Black,10,Networking; Machine Learning
David Martinez,Male,Asian,8,SQL; DevOps
Robert Smith,Male,White,5,DevOps; SQL
William Martinez,Male,Hispanic,5,SQL; Java
Richard Rodriguez,Male,Asian,5,Cloud; Python
John Davis,Male,Hispanic,5,Networking; Java
David Williams,Male,Asian,6,Python; Networking
Patricia Garcia,Female,White,9,Python; Networking
Charles Davis,Male,Asian,6,DevOps; Python
Linda Smith,Female,Hispanic,6,Java; Python
Mary Brown,Female,Asian,1,Networking; Machine Learning
Karen Jones,Female,Asian,6,Networking; SQL
Thomas Miller,Male,Black,7,Cybersecurity; Machine Learning
Michael Garcia,Male,Hispanic,5,Cybersecurity; Python
Patricia Jones,Female,White,2,DevOps; Java
Richard Miller,Male,Hispanic,10,Python; Machine Learning
Charles Rodriguez,Male,White,7,React; Java
Linda Garcia,Female,Hispanic,10,Cloud; React
Mary Davis,Female,Hispanic,7,DevOps; Python
Sarah Garcia,Female,Asian,5,Data Analysis; React
Patricia Jones,Female,White,10,SQL; Machine Learning
William Johnson,Male,Hispanic,6,Cybersecurity; Python
Jennifer Smith,Female,Asian,8,React; Data Analysis
Mary Brown,Female,White,8,Cloud; React
Michael Smith,Male,Black,5,React; DevOps
Mary Rodriguez,Female,Black,4,Cloud; SQL
John Davis,Male,Black,2,Cybersecurity; Data Analysis
William Miller,Male,White,5,Python; Networking
William Williams,Male,Asian,4,Data Analysis; React
Sarah Williams,Female,Asian,8,Networking; React
Sarah Williams,Female,Hispanic,6,Cloud; Cybersecurity
Jessica Smith,Female,Black,2,Cloud; Python
Jennifer Smith,Female,Black,5,React; Java
Michael Williams,Male,Black,4,Java; Data Analysis
Thomas Martinez,Male,Asian,6,Cybersecurity; SQL
John Brown,Male,Hispanic,7,Data Analysis; Python
James Rodriguez,Male,Black,3,DevOps; Networking
Michael Johnson,Male,Hispanic,8,SQL; Cloud
Barbara Rodriguez,Female,Asian,10,DevOps; SQL
Patricia Miller,Female,White,4,Networking; Machine Learning
Sarah Jones,Female,Hispanic,1,SQL; Python
Elizabeth Williams,Female,White,2,React; Python
Karen Jones,Female,Black,2,Data Analysis; Python
Linda Brown,Female,Black,2,Java; SQL
Linda Garcia,Female,Asian,3,Data Analysis; Java
Thomas Martinez,Male,Hispanic,10,Data Analysis; Cloud
Karen Miller,Female,Asian,9,Python; Machine Learning
William Jones,Male,Hispanic,2,Python; Java
Michael Johnson,Male,Hispanic,2,Python; SQL
Jessica Johnson,Female,Black,9,Data Analysis; Machine Learning
Richard Johnson,Male,Black,8,Cloud; Python
Barbara Johnson,Female,White,9,DevOps; Cloud
James Williams,Male,Hispanic,1,Java; Cloud
Joseph Smith,Male,Hispanic,3,SQL; Python
Jennifer Davis,Female,White,8,Machine Learning; SQL
Michael Jones,Male,White,5,Python; Cloud
Thomas Brown,Male,Asian,4,Data Analysis; Cloud
Michael Smith,Male,Hispanic,2,Data Analysis; DevOps
Michael Garcia,Male,Hispanic,4,DevOps; Cloud
Jennifer Martinez,Female,Hispanic,10,DevOps; Python
John Martinez,Male,Hispanic,4,Machine Learning; DevOps
Charles Miller,Male,White,6,Networking; Java
Thomas Johnson,Male,White,9,Data Analysis; Cybersecurity
Charles Garcia,Male,Hispanic,8,Cloud; Python
Patricia Martinez,Female,White,3,Cybersecurity; React
David Jones,Male,Asian,3,Cloud; Networking
Mary Smith,Female,Asian,7,SQL; React
Susan Johnson,Female,Black,7,Cybersecurity; Data Analysis
Barbara Williams,Female,White,6,Data Analysis; DevOps
Elizabeth Garcia,Female,Hispanic,1,Cloud; React
Michael Davis,Male,White,7,Cybersecurity; Python
Richard Johnson,Male,Asian,6,DevOps; SQL
Jessica Miller,Female,White,6,Cybersecurity; Networking
Barbara Davis,Female,Asian,10,Machine Learning; DevOps
Robert Johnson,Male,Black,8,Python; SQL
Sarah Davis,Female,Hispanic,10,React; Data Analysis
Michael Jones,Male,Black,9,Machine Learning; Data Analysis
Robert Garcia,Male,White,2,Cybersecurity; React
William Williams,Male,White,3,Machine Learning; Java
Sarah Davis,Female,Asian,1,Networking; Data Analysis
Sarah Martinez,Female,Black,6,Java; Data Analysis
William Smith,Male,White,5,DevOps; Java
Thomas Jones,Male,Black,7,SQL; Cybersecurity
James Miller,Male,White,10,Networking; Cloud
Barbara Martinez,Female,Black,2,Cybersecurity; DevOps
William Davis,Male,Black,2,Python; Cybersecurity
David Brown,Male,White,5,DevOps; Java
Sarah Jones,Female,Hispanic,4,Cloud; React
Linda Jones,Female,White,10,Cloud; Machine Learning
Patricia Rodriguez,Female,Asian,5,SQL; DevOps
Jessica Miller,Female,Hispanic,6,Python; Cybersecurity
Jessica Martinez,Female,Asian,10,Machine Learning; Cloud
James Williams,Male,Black,1,Data Analysis; React
Joseph Brown,Male,Asian,9,Java; SQL
Charles Johnson,Male,Asian,2,Java; DevOps
Karen Johnson,Female,Hispanic,6,Java; React
Jessica Davis,Female,Hispanic,7,Data Analysis; Python
Michael Garcia,Male,Asian,4,SQL; Python
James Brown,Male,Hispanic,2,Java; Cybersecurity
Sarah Smith,Female,Hispanic,5,Data Analysis; Machine Learning
William Jones,Male,Black,1,Machine Learning; Data Analysis
Karen Johnson,Female,White,6,Networking; Cloud
Susan Williams,Female,White,6,DevOps; SQL
David Brown,Male,White,9,Java; React
Thomas Brown,Male,Asian,3,Python; Networking
Susan Davis,Female,Asian,3,Machine Learning; Cybersecurity
Jennifer Williams,Female,White,5,Networking; Cloud
David Miller,Male,Black,8,Machine Learning; React
John Brown,Male,Hispanic,8,Data Analysis; React
Susan Garcia,Female,White,2,Cybersecurity; Python
Karen Miller,Female,Asian,1,Networking; React
Barbara Johnson,Female,Hispanic,8,Python; Networking
Jennifer Brown,Female,Hispanic,10,Cybersecurity; React
Jennifer Smith,Female,White,7,Data Analysis; Cloud
Robert Williams,Male,Asian,7,Python; SQL
Elizabeth Williams,Female,White,7,SQL; Machine Learning
Linda Miller,Female,White,1,Cloud; Python
Charles Williams,Male,White,1,Data Analysis; Machine Learning
Charles Johnson,Male,Hispanic,4,Cloud; Python
Robert Davis,Male,Hispanic,6,DevOps; Data Analysis
Joseph Davis,Male,Black,9,Cybersecurity; Machine Learning
William Miller,Male,Asian,4,SQL; Cloud
Thomas Williams,Male,Black,10,SQL; React
Sarah Martinez,Female,White,6,DevOps; React
Barbara Martinez,Female,Black,6,SQL; Machine Learning
Michael Garcia,Male,Asian,5,Networking; Python
William Garcia,Male,Hispanic,2,Data Analysis; Python
Robert Jones,Male,Asian,5,DevOps; Machine Learning
Mary Rodriguez,Female,Asian,10,Cybersecurity; React
Elizabeth Brown,Female,White,1,Java; DevOps
Karen Williams,Female,Hispanic,9,React; Python
Joseph Williams,Male,Hispanic,10,Cloud; DevOps
Sarah Jones,Female,Hispanic,2,Data Analysis; Cybersecurity
Linda Rodriguez,Female,Black,2,React; Python
Sarah Miller,Female,Black,8,Cloud; Cybersecurity
Elizabeth Johnson,Female,Asian,9,SQL; Data Analysis
Robert Miller,Male,White,7,Java; Data Analysis
James Brown,Male,White,5,Machine Learning; Python
Thomas Davis,Male,Black,5,React; Networking
Linda Garcia,Female,Asian,2,Machine Learning; Networking
Karen Williams,Female,Black,2,Java; SQL
William Johnson,Male,Black,7,Java; SQL
Karen Martinez,Female,White,7,Cloud; Data Analysis
Sarah Martinez,Female,Black,8,Java; DevOps
Joseph Davis,Male,White,7,Java; Cybersecurity
James Johnson,Male,Asian,8,Java; Cloud
Sarah Johnson,Female,Hispanic,6,Cybersecurity; Python
Karen Brown,Female,Hispanic,9,Networking; SQL
Sarah Johnson,Female,Asian,8,DevOps; Python
David Jones,Male,White,3,SQL; Cloud
Karen Garcia,Female,Asian,9,Machine Learning; Data Analysis
Richard Williams,Male,Hispanic,7,React; Cloud
James Davis,Male,Black,2,Data Analysis; Cloud
Richard Smith,Male,Hispanic,2,Cybersecurity; Python
David Johnson,Male,Hispanic,5,Networking; Data Analysis
Patricia Miller,Female,Black,8,React; Python
David Rodriguez,Male,Hispanic,7,Data Analysis; SQL
William Rodriguez,Male,Black,6,Cybersecurity; Machine Learning
Jennifer Johnson,Female,Black,3,Python; Java
Robert Rodriguez,Male,Black,2,Networking; Python
Sarah Garcia,Female,Hispanic,5,Data Analysis; Cloud
Karen Brown,Female,White,4,Java; Python
Joseph Miller,Male,White,6,SQL; Data Analysis
Barbara Martinez,Female,Black,6,Cloud; DevOps
Karen Davis,Female,Asian,9,React; Networking
Jennifer Garcia,Female,Hispanic,5,Data Analysis; Networking
Mary Williams,Female,Black,6,Java; Cybersecurity
Thomas Williams,Male,White,9,React; Networking
Sarah Williams,Female,White,2,Java; Cybersecurity
William Johnson,Male,White,6,SQL; Cybersecurity
Barbara Williams,Female,Black,5,Python; Networking
Linda Garcia,Female,Asian,6,Networking; SQL
Robert Garcia,Male,Hispanic,7,Data Analysis; React
Joseph Rodriguez,Male,Asian,2,Java; Data Analysis
Jennifer Johnson,Female,Hispanic,9,Cybersecurity; SQL
Linda Williams,Female,Black,9,Machine Learning; DevOps
Linda Williams,Female,Asian,10,Data Analysis; DevOps
David Miller,Male,White,7,Cybersecurity; Networking
Susan Williams,Female,Asian,2,SQL; Networking
Robert Davis,Male,Hispanic,2,Networking; Data Analysis
Sarah Johnson,Female,Asian,4,Cybersecurity; Python
Michael Johnson,Male,Hispanic,6,React; Cybersecurity
Karen Williams,Female,Hispanic,8,Networking; Cybersecurity
Charles Garcia,Male,Black,1,Data Analysis; Cybersecurity
Susan Rodriguez,Female,White,3,Java; Cloud
Thomas Rodriguez,Male,Asian,5,SQL; Cybersecurity
James Rodriguez,Male,White,9,React; Cloud
William Smith,Male,White,10,Cybersecurity; Cloud
Susan Jones,Female,White,9,React; DevOps
Thomas Miller,Male,Hispanic,6,Java; Networking
Richard Martinez,Male,Hispanic,5,DevOps; Machine Learning
Sarah Williams,Female,Black,8,DevOps; Python
Linda Brown,Female,Asian,6,DevOps; Cloud
John Williams,Male,Hispanic,4,Cloud; Data Analysis
Elizabeth Garcia,Female,Hispanic,8,Java; Cybersecurity
Barbara Garcia,Female,Hispanic,9,React; Networking
Barbara Williams,Female,Asian,6,Networking; Data Analysis
David Martinez,Male,Black,1,Networking; Java
William Jones,Male,White,9,Cybersecurity; SQL
Richard Garcia,Male,Black,9,Machine Learning; Networking
Susan Miller,Female,Asian,8,Cloud; Networking
Thomas Miller,Male,Hispanic,9,Networking; Cybersecurity
Elizabeth Brown,Female,White,8,Cloud; Cybersecurity
Richard Rodriguez,Male,Hispanic,6,Machine Learning; Java
Jessica Miller,Female,White,6,Machine Learning; React
John Brown,Male,Black,2,SQL; Networking
Jennifer Williams,Female,Hispanic,8,Cybersecurity; SQL
Linda Smith,Female,Black,2,React; Data Analysis
Thomas Davis,Male,Black,5,Python; React
Joseph Davis,Male,White,8,Machine Learning; SQL
William Smith,Male,Asian,1,SQL; Machine Learning
Joseph Garcia,Male,Hispanic,2,Python; Cloud
Joseph Jones,Male,Hispanic,8,Python; Data Analysis
William Brown,Male,Asian,3,Python; DevOps
Susan Smith,Female,Asian,9,React; Java
William Davis,Male,Asian,7,Networking; Cloud
Elizabeth Williams,Female,White,8,Networking; Python
Robert Rodriguez,Male,Hispanic,2,Machine Learning; DevOps
Robert Davis,Male,Asian,1,Cloud; Cybersecurity
Barbara Smith,Female,Hispanic,9,Data Analysis; Machine Learning
Linda Miller,Female,Asian,1,Cloud; Machine Learning
Barbara Williams,Female,White,8,SQL; React
Linda Williams,Female,Asian,2,React; Networking
Thomas Jones,Male,Black,7,Java; React
David Brown,Male,Asian,9,Machine Learning; Data Analysis
James Smith,Male,Asian,4,Cloud; Cybersecurity
William Garcia,Male,Hispanic,1,DevOps; Data Analysis
Jennifer Davis,Female,Black,5,Cybersecurity; Machine Learning
David Williams,Male,White,3,Java; Python
Karen Johnson,Female,Black,1,DevOps; Python
Charles Johnson,Male,Hispanic,3,Cloud; SQL
Richard Johnson,Male,White,10,Python; Data Analysis
Patricia Brown,Female,Black,10,React; Cybersecurity
John Smith,Male,Black,5,Networking; Java
Karen Brown,Female,Asian,10,React; DevOps
Patricia Garcia,Female,Asian,3,Machine Learning; Cybersecurity
Susan Martinez,Female,Black,1,Cloud; Networking
Linda Williams,Female,Black,6,Python; React
Jennifer Johnson,Female,Hispanic,10,React; DevOps
Michael Brown,Male,Black,5,Java; React
Jessica Williams,Female,White,10,Data Analysis; SQL
Barbara Smith,Female,White,5,DevOps; Cloud
Jennifer Brown,Female,Black,3,Python; Machine Learning
Sarah Davis,Female,Asian,2,Machine Learning; React
Sarah Davis,Female,Black,10,Machine Learning; Networking
Jessica Jones,Female,Asian,1,React; Cybersecurity
Charles Miller,Male,White,6,Java; Cloud
Michael Davis,Male,White,9,Machine Learning; SQL
Richard Brown,Male,Black,10,Networking; Data Analysis
John Miller,Male,Black,1,Java; DevOps
Richard Martinez,Male,Hispanic,8,Networking; DevOps
John Miller,Male,White,3,Java; Cloud
James Johnson,Male,Asian,4,SQL; Python
Mary Martinez,Female,Asian,10,Networking; Machine Learning
Sarah Davis,Female,Hispanic,4,Cloud; Cybersecurity
David Miller,Male,White,3,DevOps; Java
Karen Martinez,Female,Hispanic,2,Java; Cybersecurity
Sarah Brown,Female,White,9,React; Java
Jessica Martinez,Female,Black,10,Machine Learning; DevOps
Richard Jones,Male,White,1,DevOps; React
Jennifer Davis,Female,Hispanic,3,Machine Learning; React
Barbara Rodriguez,Female,Asian,2,Networking; Cloud
Patricia Rodriguez,Female,Black,9,Cybersecurity; SQL
Elizabeth Martinez,Female,Hispanic,9,Machine Learning; Data Analysis
Michael Smith,Male,Black,9,Networking; DevOps
Mary Brown,Female,Hispanic,10,Machine Learning; Networking
Michael Johnson,Male,Hispanic,7,Python; DevOps
William Jones,Male,Black,1,SQL; Java
Michael Martinez,Male,Asian,6,Data Analysis; React
William Smith,Male,White,9,Java; React
James Davis,Male,Black,6,Cybersecurity; Cloud
Robert Martinez,Male,Asian,10,Cloud; React
Sarah Brown,Female,Hispanic,9,React; SQL
James Rodriguez,Male,Hispanic,10,SQL; Java
Jessica Martinez,Female,White,6,DevOps; Cloud
Susan Miller,Female,Black,6,Cybersecurity; Data Analysis
Jessica Jones,Female,White,6,Cybersecurity; SQL
Patricia Johnson,Female,Asian,4,Machine Learning; Cybersecurity
John Miller,Male,Black,9,SQL; Machine Learning
William Rodriguez,Male,Black,9,Python; DevOps
Robert Rodriguez,Male,Asian,10,React; Networking
Elizabeth Davis,Female,Hispanic,8,Cloud; Cybersecurity
James Johnson,Male,White,1,Python; Cybersecurity
Elizabeth Williams,Female,Black,3,SQL; Cybersecurity
Mary Garcia,Female,White,9,Python; SQL
Robert Martinez,Male,Asian,2,Cloud; DevOps
William Williams,Male,Black,4,Python; Machine Learning
Patricia Miller,Female,Black,8,React; SQL
William Jones,Male,Hispanic,1,Java; Data Analysis
John Martinez,Male,White,5,Java; React
Mary Garcia,Female,Hispanic,6,DevOps; Cybersecurity
Karen Williams,Female,Black,5,Networking; SQL
Michael Martinez,Male,Hispanic,2,React; SQL
John Smith,Male,White,3,Data Analysis; Cloud
Robert Jones,Male,White,3,Cybersecurity; Data Analysis
Elizabeth Smith,Female,White,10,Python; DevOps
David Martinez,Male,Hispanic,3,React; Networking
Patricia Smith,Female,Asian,6,Networking; Python
John Martinez,Male,Asian,2,Python; Cloud
Charles Smith,Male,Black,3,Networking; Machine Learning
Richard Davis,Male,Asian,6,DevOps; Java
Karen Johnson,Female,White,7,Java; Machine Learning
James Johnson,Male,White,1,Cybersecurity; SQL
Karen Smith,Female,Black,4,Data Analysis; Python
Charles Smith,Male,Asian,9,Machine Learning; Cybersecurity
Elizabeth Garcia,Female,White,7,Networking; Java
Elizabeth Miller,Female,Asian,10,Cloud; Data Analysis
Thomas Rodriguez,Male,Asian,7,Networking; Machine Learning
Barbara Jones,Female,Hispanic,5,DevOps; React
Jennifer Garcia,Female,Black,6,Cybersecurity; React
John Martinez,Male,Hispanic,10,React; Java
Elizabeth Davis,Female,Asian,2,Machine Learning; Python
Sarah Jones,Female,White,1,Cybersecurity; Python
Patricia Garcia,Female,White,3,Cloud; SQL
Elizabeth Miller,Female,White,4,Data Analysis; Machine Learning
William Garcia,Male,Asian,6,Data Analysis; React
Elizabeth Garcia,Female,Hispanic,5,Java; Python
John Martinez,Male,Asian,7,SQL; Machine Learning
Jennifer Davis,Female,White,10,Machine Learning; Python
Mary Rodriguez,Female,Hispanic,4,Cybersecurity; Cloud
Linda Davis,Female,Black,8,Machine Learning; React
Patricia Davis,Female,Hispanic,3,Cybersecurity; Java
Jessica Miller,Female,Black,9,Java; DevOps
Robert Miller,Male,Hispanic,4,Machine Learning; Cybersecurity
Michael Brown,Male,Asian,10,Networking; Data Analysis
Thomas Jones,Male,White,2,SQL; Python
Richard Brown,Male,Asian,2,Machine Learning; Java
Jennifer Davis,Female,White,7,Java; DevOps
Richard Williams,Male,Hispanic,4,Java; Cybersecurity
David Miller,Male,Hispanic,9,DevOps; Cloud
Barbara Garcia,Female,Asian,10,Cloud; Networking
Susan Garcia,Female,Hispanic,2,Machine Learning; Cloud
Sarah Williams,Female,White,4,Machine Learning; Cloud
Elizabeth Martinez,Female,Hispanic,2,Data Analysis; Cybersecurity
Jennifer Williams,Female,Hispanic,4,Cloud; Python
Patricia Davis,Female,Hispanic,4,Networking; Data Analysis
Michael Smith,Male,White,9,React; Java
Sarah Rodriguez,Female,Hispanic,4,DevOps; Java
John Jones,Male,Asian,9,Networking; Java
Joseph Brown,Male,White,5,Java; DevOps
Thomas Martinez,Male,Hispanic,8,Networking; Python
Richard Johnson,Male,White,5,Data Analysis; Cloud
Elizabeth Brown,Female,Asian,1,React; Java
James Garcia,Male,Black,7,Cloud; DevOps
John Williams,Male,Black,6,Java; Python
Robert Jones,Male,Hispanic,10,Machine Learning; Cybersecurity
Karen Davis,Female,Asian,9,Python; Java
Susan Brown,Female,White,6,Java; Cybersecurity
James Jones,Male,White,9,Java; SQL
Barbara Miller,Female,Hispanic,2,Data Analysis; Cybersecurity
William Williams,Male,White,5,Cybersecurity; Java
Joseph Smith,Male,Black,10,SQL; React
Linda Rodriguez,Female,Black,8,SQL; Data Analysis
David Johnson,Male,Black,10,Java; React
Robert Williams,Male,Hispanic,6,Cloud; Data Analysis
John Miller,Male,White,1,Machine Learning; Cybersecurity
Linda Rodriguez,Female,Black,3,Python; Cloud
Elizabeth Davis,Female,Asian,1,Cloud; Machine Learning
Linda Johnson,Female,Hispanic,4,Cloud; Machine Learning
Linda Garcia,Female,White,5,Java; Machine Learning
Jennifer Williams,Female,Asian,5,Cybersecurity; Data Analysis
Charles Rodriguez,Male,Black,10,DevOps; Java
Jennifer Martinez,Female,Asian,9,DevOps; Python
Jessica Williams,Female,White,8,Machine Learning; Python
Barbara Williams,Female,Hispanic,9,Cloud; Data Analysis
Jennifer Smith,Female,White,3,Python; Java
Charles Miller,Male,White,1,Cloud; SQL
Robert Jones,Male,Black,7,DevOps; Java
Charles Garcia,Male,Hispanic,1,Cybersecurity; Data Analysis
David Jones,Male,Black,7,Networking; SQL
Joseph Smith,Male,Black,9,Networking; Cloud
Thomas Garcia,Male,Black,8,DevOps; React
Michael Brown,Male,White,7,DevOps; Cloud
James Williams,Male,Asian,2,Cybersecurity; Python
Susan Garcia,Female,Asian,5,DevOps; SQL
Michael Williams,Male,Hispanic,6,Cloud; Data Analysis
Mary Johnson,Female,Hispanic,1,Cybersecurity; Networking
Thomas Smith,Male,Hispanic,1,React; Machine Learning
Jessica Martinez,Female,Asian,4,Cloud; Cybersecurity
Charles Brown,Male,Black,3,Networking; Java
Richard Williams,Male,Asian,7,Networking; Java
John Martinez,Male,Hispanic,4,SQL; Data Analysis
Charles Martinez,Male,Asian,6,Data Analysis; DevOps
Barbara Jones,Female,White,7,DevOps; Networking
Barbara Rodriguez,Female,Hispanic,1,Java; React
John Williams,Male,Black,1,Machine Learning; Data Analysis
Jennifer Brown,Female,Asian,7,Cybersecurity; Data Analysis
Sarah Garcia,Female,Hispanic,5,SQL; React
Susan Garcia,Female,Hispanic,10,SQL; React
Linda Smith,Female,White,1,Data Analysis; SQL
David Brown,Male,Black,9,Java; Python
James Brown,Male,Asian,7,DevOps; Java
Barbara Johnson,Female,White,5,Machine Learning; Java
Susan Williams,Female,White,8,DevOps; Cloud
Linda Jones,Female,Black,1,DevOps; Data Analysis
Richard Williams,Male,White,6,Cybersecurity; SQL
Jennifer Rodriguez,Female,Asian,5,DevOps; Cybersecurity
Jennifer Smith,Female,White,9,DevOps; SQL
William Jones,Male,Asian,2,Networking; DevOps
Jennifer Smith,Female,Hispanic,10,Data Analysis; Cybersecurity
David Rodriguez,Male,Hispanic,5,Machine Learning; Java
Jessica Martinez,Female,White,5,Cybersecurity; SQL
James Martinez,Male,Asian,3,DevOps; Networking
Karen Jones,Female,Black,8,Networking; Machine Learning
John Williams,Male,Black,10,Networking; React
Susan Brown,Female,White,10,Data Analysis; DevOps
Thomas Brown,Male,Black,1,Python; SQL
Joseph Garcia,Male,Asian,2,DevOps; React
Jennifer Brown,Female,White,2,Java; SQL
William Martinez,Male,White,7,Python; Cloud
Barbara Miller,Female,White,5,Java; Cybersecurity
Jennifer Garcia,Female,White,1,Cloud; Cybersecurity
James Martinez,Male,Black,3,React; SQL
Karen Brown,Female,Asian,4,DevOps; Python
Barbara Miller,Female,Asian,9,Python; React
Elizabeth Martinez,Female,White,4,Java; Networking
Susan Garcia,Female,Black,3,Machine Learning; Java
Patricia Johnson,Female,Black,7,Networking; Python
Robert Williams,Male,Hispanic,10,React; Networking
David Brown,Male,Hispanic,6,React; Cloud
Richard Martinez,Male,Asian,6,Networking; Cybersecurity
Karen Garcia,Female,White,7,SQL; Cloud
David Garcia,Male,White,4,SQL; Cybersecurity
Thomas Williams,Male,Hispanic,4,Python; Cloud
Mary Martinez,Female,Asian,7,Machine Learning; Cloud
James Garcia,Male,Hispanic,1,Java; React
Jessica Smith,Female,Black,8,DevOps; Networking
Richard Williams,Male,Asian,9,DevOps; SQL
William Garcia,Male,Black,6,Cloud; Cybersecurity
Charles Garcia,Male,Hispanic,4,Cybersecurity; Networking
Barbara Rodriguez,Female,Hispanic,9,DevOps; Python
Barbara Johnson,Female,Hispanic,10,Data Analysis; Cybersecurity
Mary Rodriguez,Female,Hispanic,5,Cloud; Data Analysis
William Williams,Male,Hispanic,9,Data Analysis; SQL
Michael Martinez,Male,Asian,9,Python; Data Analysis
Joseph Smith,Male,Hispanic,2,React; Cybersecurity
Jessica Martinez,Female,White,1,Machine Learning; Java
James Johnson,Male,Hispanic,9,Networking; DevOps
Mary Jones,Female,Black,7,Cybersecurity; Java
Jennifer Miller,Female,Black,6,Networking; DevOps
Thomas Brown,Male,White,5,DevOps; Machine Learning
Michael Smith,Male,Asian,5,Cybersecurity; SQL
Michael Smith,Male,Asian,7,DevOps; SQL
Robert Brown,Male,Hispanic,8,Machine Learning; Networking
Elizabeth Rodriguez,Female,White,5,SQL; Machine Learning
Jessica Brown,Female,Asian,7,Java; Networking
Charles Rodriguez,Male,Asian,5,Machine Learning; Python
Thomas Rodriguez,Male,Hispanic,9,React; Machine Learning
Jennifer Johnson,Female,Black,10,Cybersecurity; Cloud
Jennifer Miller,Female,White,8,SQL; Machine Learning
Karen Rodriguez,Female,Asian,9,Machine Learning; React
David Miller,Male,Asian,8,SQL; Networking
Michael Johnson,Male,Black,6,DevOps; Networking
Richard Brown,Male,Black,4,Cybersecurity; Machine Learning
Elizabeth Brown,Female,Asian,4,Java; Python
Karen Garcia,Female,Hispanic,2,Networking; Cybersecurity
Elizabeth Miller,Female,White,1,Java; Python
Barbara Miller,Female,Black,7,Cloud; Machine Learning
Barbara Brown,Female,White,5,DevOps; Data Analysis
Karen Williams,Female,Hispanic,4,Cloud; Data Analysis
Robert Johnson,Male,Black,1,SQL; React
Linda Jones,Female,Black,7,React; SQL
Thomas Martinez,Male,Hispanic,10,Machine Learning; SQL
John Smith,Male,White,6,Cybersecurity; Data Analysis
Barbara Smith,Female,Asian,4,SQL; Python
David Garcia,Male,Black,7,Python; SQL
Jessica Williams,Female,Black,3,DevOps; SQL
Jennifer Davis,Female,Black,7,Cybersecurity; SQL
William Garcia,Male,Black,7,Cybersecurity; DevOps
David Jones,Male,Hispanic,2,Networking; Python
William Davis,Male,White,3,Machine Learning; DevOps
Susan Martinez,Female,White,4,React; Cybersecurity
Patricia Johnson,Female,Asian,3,Cloud; DevOps
Jessica Garcia,Female,Hispanic,8,Networking; React
Sarah Jones,Female,Asian,5,Cybersecurity; Networking
Sarah Johnson,Female,Hispanic,9,SQL; Cybersecurity
Michael Brown,Male,Hispanic,9,Python; Cybersecurity
Michael Miller,Male,Asian,9,Networking; DevOps
Robert Jones,Male,White,2,Cybersecurity; Machine Learning
David Garcia,Male,Black,10,DevOps; Cloud
Mary Brown,Female,White,2,SQL; Machine Learning
James Smith,Male,Asian,2,Networking; Machine Learning
Barbara Garcia,Female,Black,5,React; Cybersecurity
Barbara Miller,Female,Hispanic,8,Networking; Java
Joseph Martinez,Male,Black,4,React; Machine Learning
James Martinez,Male,Black,10,DevOps; Networking
Jessica Jones,Female,White,4,Machine Learning; Cybersecurity
Thomas Brown,Male,Black,5,Cloud; Cybersecurity
Joseph Jones,Male,Asian,4,React; Networking
James Jones,Male,Black,5,SQL; Networking
Susan Brown,Female,Asian,6,Python; Data Analysis
Patricia Johnson,Female,White,7,DevOps; Cloud
Joseph Brown,Male,Hispanic,10,Cloud; Cybersecurity
Michael Martinez,Male,Asian,2,Networking; Cybersecurity
Richard Brown,Male,Asian,2,Networking; DevOps
Susan Johnson,Female,Asian,2,SQL; React
David Johnson,Male,Asian,3,Python; React
Jennifer Smith,Female,Hispanic,1,Cybersecurity; React
Patricia Miller,Female,Black,5,Machine Learning; Java
Jennifer Rodriguez,Female,White,3,SQL; Networking
Mary Williams,Female,Black,3,Data Analysis; Python
Karen Smith,Female,Black,5,Networking; Machine Learning
Sarah Johnson,Female,Black,2,Python; Cloud
Mary Jones,Female,Hispanic,2,Data Analysis; Java
Thomas Johnson,Male,White,9,Cloud; Data Analysis
John Smith,Male,Asian,4,React; Data Analysis
Patricia Brown,Female,Hispanic,3,Java; Data Analysis
Jessica Miller,Female,Black,2,React; Cloud
David Martinez,Male,White,9,Networking; DevOps
William Rodriguez,Male,Black,2,Java; Python
David Martinez,Male,Asian,6,React; Cybersecurity
David Williams,Male,Asian,10,Networking; Python
William Jones,Male,Asian,3,SQL; DevOps
William Miller,Male,Asian,3,Networking; Data Analysis
David Smith,Male,Hispanic,4,DevOps; Java
Susan Rodriguez,Female,Hispanic,2,Data Analysis; DevOps
John Johnson,Male,Hispanic,8,Java; SQL
James Miller,Male,Hispanic,3,DevOps; Cybersecurity
Sarah Jones,Female,White,2,Networking; Python
Linda Brown,Female,Hispanic,2,SQL; React
Charles Williams,Male,Hispanic,1,React; DevOps
David Davis,Male,White,8,React; Java
Michael Martinez,Male,Asian,3,SQL; Python
James Garcia,Male,White,7,SQL; Data Analysis
Karen Miller,Female,Asian,10,React; DevOps
Jennifer Miller,Female,Asian,7,React; Python
Patricia Davis,Female,White,7,Data Analysis; Networking
Mary Brown,Female,Hispanic,3,Networking; Machine Learning
William Jones,Male,Hispanic,4,Cybersecurity; Python
Patricia Miller,Female,Asian,1,Networking; Machine Learning
Charles Brown,Male,Black,8,Data Analysis; Cloud
Linda Johnson,Female,Hispanic,9,Java; Cloud
Jennifer Miller,Female,Asian,10,Python; React
Jessica Martinez,Female,Black,9,Python; Networking
Elizabeth Garcia,Female,White,2,Cloud; Data Analysis
Barbara Davis,Female,Hispanic,2,Python; Cybersecurity
Mary Brown,Female,Asian,10,Java; React
Karen Rodriguez,Female,Asian,1,React; Python
Michael Smith,Male,Asian,7,Data Analysis; Cloud
Robert Davis,Male,White,9,DevOps; Data Analysis
Elizabeth Davis,Female,White,7,Cloud; Networking
Richard Brown,Male,Asian,10,Java; DevOps
Michael Rodriguez,Male,Hispanic,1,DevOps; Data Analysis
Charles Williams,Male,Hispanic,2,Java; Cloud
William Rodriguez,Male,Hispanic,1,Networking; DevOps
Thomas Garcia,Male,Hispanic,4,React; Machine Learning
Robert Johnson,Male,Hispanic,6,Cybersecurity; SQL
David Rodriguez,Male,Black,9,Machine Learning; Python
James Brown,Male,White,8,React; Data Analysis
Susan Davis,Female,Hispanic,10,React; Machine Learning
Susan Davis,Female,Asian,4,Machine Learning; React
Mary Martinez,Female,Black,8,Cloud; DevOps
Karen Brown,Female,Black,3,Machine Learning; SQL
Elizabeth Johnson,Female,Hispanic,8,Python; SQL
Mary Martinez,Female,Asian,2,Data Analysis; Python
Michael Garcia,Male,Asian,10,Data Analysis; DevOps
Robert Williams,Male,Hispanic,1,DevOps; SQL
William Miller,Male,Black,3,Cybersecurity; SQL
Thomas Williams,Male,White,8,React; Cloud
Jennifer Williams,Female,White,3,Data Analysis; Cloud
James Jones,Male,White,9,Cloud; Networking
John Smith,Male,Black,6,Networking; Cloud
Sarah Brown,Female,Hispanic,9,DevOps; SQL
Linda Smith,Female,Black,4,Cybersecurity; Cloud
Robert Johnson,Male,White,2,Data Analysis; Cloud
Michael Williams,Male,Asian,4,SQL; Data Analysis
Barbara Smith,Female,Hispanic,2,DevOps; Cloud
Susan Miller,Female,Asian,6,SQL; Data Analysis
Robert Rodriguez,Male,Asian,3,Networking; DevOps
Elizabeth Davis,Female,White,3,SQL; Cybersecurity
Patricia Jones,Female,Hispanic,6,Python; SQL
Jessica Martinez,Female,Asian,5,Java; Data Analysis
Elizabeth Miller,Female,Black,5,Python; React
James Martinez,Male,Black,7,Data Analysis; DevOps
Joseph Davis,Male,Black,1,Python; Data Analysis
Susan Davis,Female,Black,7,Machine Learning; Networking
Michael Martinez,Male,White,10,SQL; Python
Susan Martinez,Female,Asian,5,Cybersecurity; SQL
Patricia Martinez,Female,Asian,1,Cybersecurity; Networking
James Martinez,Male,Hispanic,3,SQL; Cloud
Barbara Miller,Female,Black,1,Cloud; Python
James Miller,Male,Black,1,Java; Networking
Jennifer Martinez,Female,Asian,3,Machine Learning; DevOps
Sarah Miller,Female,Hispanic,2,Cybersecurity; SQL
Susan Miller,Female,White,7,Networking; SQL
Michael Rodriguez,Male,White,10,SQL; Networking
William Brown,Male,White,9,Cybersecurity; Networking
William Jones,Male,White,10,Cloud; React
Robert Smith,Male,Asian,4,Java; Cybersecurity
Joseph Brown,Male,Asian,10,Cloud; Cybersecurity
Elizabeth Miller,Female,Hispanic,9,Cloud; Java
Linda Garcia,Female,Asian,10,Cybersecurity; Networking
Barbara Brown,Female,Asian,9,React; Networking
Karen Miller,Female,Hispanic,7,Java; Python
Charles Martinez,Male,White,1,Cybersecurity; React
Karen Johnson,Female,Hispanic,9,SQL; Networking
Linda Brown,Female,White,3,SQL; Cybersecurity
John Johnson,Male,Asian,6,Java; Data Analysis
Jennifer Rodriguez,Female,White,3,DevOps; Cloud
Jennifer Smith,Female,Hispanic,1,Data Analysis; Networking
Karen Davis,Female,White,4,Machine Learning; Networking
Susan Miller,Female,Black,1,React; Python
Robert Smith,Male,Hispanic,7,Machine Learning; DevOps
Michael Jones,Male,White,4,Java; Data Analysis
William Martinez,Male,Hispanic,5,Python; Cybersecurity
Charles Davis,Male,White,4,SQL; DevOps
Jennifer Martinez,Female,Asian,10,Python; DevOps
Robert Martinez,Male,Asian,7,Cloud; Machine Learning
David Miller,Male,White,7,Python; SQL
Elizabeth Brown,Female,Hispanic,5,Cloud; SQL
Elizabeth Brown,Female,Black,3,Networking; React
Charles Brown,Male,Asian,1,Cloud; Data Analysis
John Martinez,Male,Black,7,Data Analysis; React
Sarah Miller,Female,Hispanic,10,DevOps; Python
Elizabeth Martinez,Female,Asian,1,DevOps; Cybersecurity
James Brown,Male,Asian,5,Cloud; Networking
Jennifer Davis,Female,Black,10,Data Analysis; Cloud
Susan Martinez,Female,White,5,React; SQL
Linda Smith,Female,White,1,Python; Machine Learning
Jennifer Jones,Female,Asian,5,SQL; Cloud
Joseph Martinez,Male,Hispanic,7,Machine Learning; Python
David Garcia,Male,Black,7,DevOps; Networking
William Martinez,Male,Black,10,Cloud; Cybersecurity
Michael Jones,Male,Black,2,Java; Data Analysis
Barbara Jones,Female,White,10,Cloud; Networking
Mary Johnson,Female,White,10,Java; Cloud
Susan Davis,Female,Asian,6,Machine Learning; DevOps
Patricia Williams,Female,Asian,4,Cloud; Machine Learning
Robert Jones,Male,Asian,4,Networking; React
James Garcia,Male,Black,5,Cybersecurity; DevOps
Susan Brown,Female,White,5,React; Cloud
Karen Garcia,Female,Asian,2,Networking; DevOps
Susan Johnson,Female,Hispanic,3,Machine Learning; Data Analysis
Michael Garcia,Male,White,8,Data Analysis; Cloud
Linda Jones,Female,White,1,Data Analysis; Networking
William Rodriguez,Male,Black,5,Cybersecurity; SQL
James Johnson,Male,White,4,Networking; Python
Michael Miller,Male,White,4,Machine Learning; React
Karen Miller,Female,Black,10,Networking; Machine Learning
Sarah Miller,Female,Hispanic,9,Python; SQL
Karen Brown,Female,White,2,Cybersecurity; Machine Learning
William Martinez,Male,Asian,6,Java; DevOps
Jennifer Miller,Female,White,2,SQL; Cybersecurity
Elizabeth Jones,Female,Hispanic,7,React; Python
James Miller,Male,Asian,4,Networking; Cloud
Mary Johnson,Female,Asian,5,Cloud; Python
Mary Jones,Female,Hispanic,7,Data Analysis; Python
Linda Williams,Female,White,7,Cybersecurity; Java
Sarah Davis,Female,White,5,Networking; Cloud
James Brown,Male,White,8,Data Analysis; Cybersecurity
Elizabeth Martinez,Female,Black,7,Python; Data Analysis
Susan Smith,Female,White,4,Networking; Data Analysis
Robert Brown,Male,Hispanic,8,Data Analysis; DevOps
David Jones,Male,Black,6,React; Data Analysis
Susan Brown,Female,White,5,DevOps; Networking
Linda Garcia,Female,Asian,2,Machine Learning; Cloud
Michael Davis,Male,Hispanic,10,React; Networking
Sarah Smith,Female,White,4,Networking; Data Analysis
Karen Miller,Female,Asian,4,Cloud; React
Karen Brown,Female,Black,7,Networking; Cybersecurity
John Williams,Male,Asian,5,React; SQL
Linda Jones,Female,Asian,2,Networking; Cybersecurity
Michael Johnson,Male,Black,10,Networking; Cybersecurity
Michael Miller,Male,Black,1,Cloud; Machine Learning
Elizabeth Jones,Female,Asian,9,Cybersecurity; DevOps
Susan Brown,Female,Asian,8,Data Analysis; Cloud
Karen Garcia,Female,Black,7,Cloud; SQL
Linda Miller,Female,Hispanic,10,Networking; Python
Michael Martinez,Male,Hispanic,1,Data Analysis; Java
Thomas Johnson,Male,Asian,10,Networking; DevOps
Michael Smith,Male,White,10,React; Cybersecurity
Thomas Brown,Male,White,2,Machine Learning; Java
David Jones,Male,Hispanic,6,SQL; React
Susan Miller,Female,Asian,5,Python; SQL
Elizabeth Williams,Female,Hispanic,2,React; Machine Learning
Joseph Brown,Male,Asian,8,SQL; Java
Barbara Miller,Female,Asian,2,Java; Cybersecurity
Thomas Brown,Male,Hispanic,6,SQL; React
Thomas Davis,Male,White,7,SQL; Cloud
John Williams,Male,Hispanic,2,Networking; Cloud
Robert Smith,Male,Asian,1,Data Analysis; SQL
Charles Martinez,Male,Hispanic,2,Networking; React
Mary Davis,Female,White,6,React; Java
Thomas Miller,Male,Black,1,Java; Data Analysis
Thomas Williams,Male,Asian,10,Java; DevOps
Thomas Brown,Male,Asian,3,Cloud; Machine Learning
William Williams,Male,Hispanic,8,DevOps; Cloud
Elizabeth Johnson,Female,Hispanic,2,Data Analysis; Networking
David Miller,Male,Asian,1,Cybersecurity; Java
Mary Williams,Female,Black,6,Cloud; SQL
Robert Jones,Male,Asian,7,Cybersecurity; DevOps
Jessica Jones,Female,Asian,8,Java; Cybersecurity
Sarah Smith,Female,Hispanic,8,Cloud; DevOps
Michael Martinez,Male,White,9,Python; DevOps
Patricia Williams,Female,Hispanic,6,React; Data Analysis
Joseph Davis,Male,Hispanic,6,Python; Cybersecurity
David Johnson,Male,Hispanic,7,React; Python
David Brown,Male,White,2,DevOps; SQL
Linda Johnson,Female,White,1,Python; Cloud
Thomas Garcia,Male,Asian,10,React; Machine Learning
Linda Jones,Female,Hispanic,2,SQL; Data Analysis
William Rodriguez,Male,Asian,9,Machine Learning; React
James Jones,Male,Asian,1,Cybersecurity; Python
Patricia Davis,Female,Hispanic,6,SQL; Machine Learning
Thomas Rodriguez,Male,Hispanic,2,Cloud; DevOps
Richard Rodriguez,Male,Black,4,Data Analysis; Python
Jessica Miller,Female,Black,5,Java; Data Analysis
Joseph Miller,Male,White,9,Cybersecurity; React
Robert Martinez,Male,Hispanic,5,SQL; Networking
Sarah Davis,Female,Asian,7,Networking; Java
Linda Smith,Female,White,9,React; Python
Charles Miller,Male,Hispanic,1,React; DevOps
Robert Jones,Male,White,10,Machine Learning; Data Analysis
John Johnson,Male,Hispanic,2,Data Analysis; DevOps
Linda Davis,Female,Hispanic,9,Java; Machine Learning
Barbara Brown,Female,Black,1,Data Analysis; React
Barbara Johnson,Female,Hispanic,3,Machine Learning; Java
Thomas Martinez,Male,White,3,SQL; DevOps
Patricia Davis,Female,White,6,React; Python
Karen Martinez,Female,Asian,2,Data Analysis; Python
Patricia Jones,Female,White,2,Python; Cloud
Patricia Williams,Female,Asian,4,Machine Learning; Java
Mary Miller,Female,Asian,9,React; Data Analysis
Charles Davis,Male,Black,1,Cybersecurity; Networking
Charles Johnson,Male,Hispanic,5,Java; SQL
Elizabeth Garcia,Female,Asian,10,Cloud; Python
Karen Brown,Female,Asian,5,Data Analysis; Python
Jessica Garcia,Female,Black,6,Cloud; Data Analysis
Jennifer Jones,Female,White,7,Java; DevOps
Joseph Smith,Male,Asian,6,Machine Learning; DevOps
William Garcia,Male,White,2,Networking; Data Analysis
Barbara Martinez,Female,White,7,React; Cloud
Jessica Garcia,Female,Hispanic,7,Machine Learning; Python
Michael Jones,Male,White,2,SQL; Cloud
John Davis,Male,Hispanic,5,Networking; Cloud
Joseph Rodriguez,Male,Hispanic,7,React; DevOps
Jessica Miller,Female,Black,3,React; Machine Learning
Patricia Davis,Female,Asian,2,React; SQL
David Davis,Male,Hispanic,7,Networking; React
Susan Jones,Female,Asian,2,Python; Data Analysis
Jennifer Rodriguez,Female,Black,8,SQL; DevOps
Thomas Williams,Male,White,6,Python; Cybersecurity
Richard Miller,Male,Asian,1,SQL; Java
Thomas Brown,Male,Black,7,DevOps; Java
Linda Williams,Female,Hispanic,2,Java; Networking
Barbara Williams,Female,Black,10,Data Analysis; Networking
Mary Williams,Female,Asian,9,SQL; Cloud
James Miller,Male,Hispanic,6,Machine Learning; Networking
Robert Garcia,Male,Asian,6,Cybersecurity; SQL
James Williams,Male,Black,3,Cybersecurity; Python
Jessica Miller,Female,Hispanic,7,SQL; React
William Davis,Male,White,8,Machine Learning; React
Sarah Jones,Female,Black,7,Java; Machine Learning
Jessica Williams,Female,White,4,Cloud; DevOps
Mary Miller,Female,Black,8,Machine Learning; Cloud
Mary Brown,Female,Black,10,Java; DevOps
John Jones,Male,Hispanic,2,Networking; Data Analysis
Jessica Garcia,Female,Asian,6,Java; DevOps
Michael Martinez,Male,Asian,3,Machine Learning; SQL
Jessica Martinez,Female,White,3,Networking; DevOps
David Smith,Male,Asian,9,Java; DevOps
Charles Jones,Male,White,5,Cloud; Networking
Jennifer Brown,Female,Hispanic,3,DevOps; Java
Joseph Davis,Male,White,4,Machine Learning; Cybersecurity
Richard Martinez,Male,Black,6,Networking; DevOps
William Williams,Male,Hispanic,7,Data Analysis; Machine Learning
William Smith,Male,Hispanic,3,Data Analysis; Java
Mary Smith,Female,Black,1,DevOps; Java
William Brown,Male,White,5,Data Analysis; Networking
Michael Garcia,Male,Black,6,Data Analysis; React
Joseph Johnson,Male,White,9,SQL; DevOps
John Miller,Male,White,9,Cybersecurity; Cloud
Mary Miller,Female,Black,10,Data Analysis; SQL
Michael Smith,Male,Hispanic,6,React; Cloud
Mary Martinez,Female,Asian,7,DevOps; Java
Charles Garcia,Male,Hispanic,7,Machine Learning; Data Analysis
James Miller,Male,Asian,2,Data Analysis; SQL
Jennifer Johnson,Female,Hispanic,9,Networking; Cloud
Thomas Johnson,Male,Asian,5,Cloud; Cybersecurity
John Brown,Male,White,4,SQL; Cybersecurity
James Davis,Male,Asian,3,Java; SQL
Barbara Miller,Female,Asian,9,Machine Learning; Java
Sarah Jones,Female,White,2,Machine Learning; DevOps
Susan Williams,Female,White,6,DevOps; Cybersecurity
Sarah Rodriguez,Female,White,2,Cybersecurity; Networking
Patricia Martinez,Female,Hispanic,3,Machine Learning; Java
Susan Martinez,Female,Hispanic,5,Cybersecurity; React
Michael Johnson,Male,Asian,8,Cybersecurity; Cloud
Patricia Jones,Female,Black,3,Java; Cybersecurity
Linda Williams,Female,Black,2,Data Analysis; Cybersecurity
John Garcia,Male,Asian,7,Cloud; DevOps
Barbara Garcia,Female,White,8,Java; React
Richard Garcia,Male,White,1,Data Analysis; React
Jennifer Jones,Female,Asian,4,React; Java
William Davis,Male,Hispanic,5,SQL; Data Analysis
Sarah Brown,Female,White,8,Cybersecurity; Machine Learning
Linda Davis,Female,Black,4,Cybersecurity; Python
David Miller,Male,Asian,7,Networking; SQL
Susan Rodriguez,Female,White,2,Java; Cybersecurity
Robert Johnson,Male,Hispanic,3,Python; Data Analysis
Michael Williams,Male,White,1,Java; Python
Jennifer Davis,Female,White,5,Cloud; DevOps
Karen Garcia,Female,White,3,DevOps; Python
Barbara Jones,Female,White,3,Python; SQL
John Jones,Male,Asian,1,React; SQL
William Davis,Male,White,8,Python; SQL
Barbara Garcia,Female,Hispanic,8,React; Cloud
Linda Davis,Female,Asian,10,Java; Networking
Michael Davis,Male,Black,10,Machine Learning; React
Linda Brown,Female,Asian,9,DevOps; Python
Joseph Davis,Male,White,3,SQL; DevOps
Elizabeth Rodriguez,Female,White,6,Machine Learning; React
Richard Garcia,Male,White,4,Networking; Java
Michael Rodriguez,Male,White,5,Data Analysis; DevOps
Thomas Garcia,Male,Asian,7,SQL; Java
Patricia Davis,Female,Black,6,React; Cloud
Linda Garcia,Female,Black,1,DevOps; Cloud
Linda Johnson,Female,Asian,2,Networking; SQL
Charles Brown,Male,Asian,5,React; Machine Learning
Patricia Williams,Female,White,2,Networking; Cloud
Elizabeth Rodriguez,Female,White,8,Python; Networking
William Williams,Male,Hispanic,2,Python; Data Analysis
Richard Garcia,Male,Black,7,Machine Learning; SQL
Michael Miller,Male,White,3,DevOps; SQL
John Jones,Male,Asian,1,Java; Data Analysis
Michael Smith,Male,Hispanic,7,Cloud; Machine Learning
Patricia Rodriguez,Female,Asian,9,Cloud; SQL
Elizabeth Davis,Female,Asian,5,DevOps; Cybersecurity
Richard Williams,Male,White,9,Python; Java
James Martinez,Male,Asian,2,DevOps; Java
Susan Garcia,Female,White,9,Cloud; SQL
Linda Jones,Female,White,9,Cloud; Data Analysis
Robert Rodriguez,Male,Asian,1,Machine Learning; Cybersecurity
Joseph Miller,Male,White,9,Java; Machine Learning
James Johnson,Male,White,4,Cloud; Data Analysis
Mary Williams,Female,Asian,1,Java; SQL
Jessica Johnson,Female,Asian,5,Python; SQL
Linda Rodriguez,Female,White,6,Cloud; DevOps
Karen Smith,Female,Black,10,Machine Learning; Cloud
Thomas Smith,Male,Black,6,SQL; Networking
Charles Miller,Male,Asian,10,DevOps; Networking
Susan Smith,Female,Black,9,Python; Data Analysis
William Williams,Male,White,3,Data Analysis; Java
David Miller,Male,Black,2,SQL; DevOps
David Johnson,Male,Asian,5,Java; SQL
Elizabeth Rodriguez,Female,White,10,React; Cybersecurity
James Garcia,Male,Hispanic,9,Data Analysis; Machine Learning
Mary Smith,Female,Black,5,DevOps; Data Analysis
Karen Davis,Female,Black,6,Java; Networking
Jessica Davis,Female,Asian,4,DevOps; Cloud
Michael Martinez,Male,Black,5,Machine Learning; SQL
Thomas Jones,Male,Black,1,React; Cloud
Patricia Miller,Female,White,5,React; Cloud
Robert Johnson,Male,Hispanic,3,Python; Cloud
Michael Smith,Male,Hispanic,7,DevOps; Cloud
Mary Brown,Female,Black,4,Machine Learning; Data Analysis
John Smith,Male,Hispanic,4,Python; DevOps
Joseph Martinez,Male,Asian,2,React; DevOps
Barbara Garcia,Female,White,2,Cloud; React
Jessica Garcia,Female,Hispanic,2,Python; Cloud
Mary Miller,Female,White,9,DevOps; Java
Jessica Davis,Female,Hispanic,3,DevOps; Data Analysis
David Miller,Male,Hispanic,9,Networking; Python
Charles Davis,Male,Hispanic,6,Cybersecurity; Cloud
James Johnson,Male,Asian,8,Machine Learning; DevOps
Richard Davis,Male,White,8,DevOps; Machine Learning
Patricia Rodriguez,Female,Hispanic,6,Cybersecurity; React
Richard Johnson,Male,Black,8,Networking; SQL
James Brown,Male,White,7,Python; DevOps
Patricia Davis,Female,Hispanic,7,React; DevOps
Barbara Rodriguez,Female,Asian,7,SQL; Machine Learning
James Johnson,Male,Asian,6,Java; Data Analysis
Linda Martinez,Female,White,3,Python; SQL
